Timestamp,Query,Platform,URL,Intent,Intent Level,Score,LLM Response,Reach-out,Status
2026-04-05 17:26:37,Agentic AI ,reddit,https://www.reddit.com/r/agentic/,This person is experiencing issues with chaining multiple AI,Problem Intent,6,"Intent-Level: Problem Intent
Score: 6
Intent-Label: This person is experiencing issues with chaining multiple AI steps and seeking reliable tools for exact output tasks.
Reach-out: I totally understand how frustrating it can be when AI tools don't quite deliver the precise results you need, especially when you're relying on them for critical tasks. It sounds like you're already exploring some of the latest models like GPT-4o and Claude Opus, which is great. Have you considered looking into workflow optimization tools that can help streamline your AI processes and reduce potential errors?","I totally understand how frustrating it can be when AI tools don't quite deliver the precise results you need, especially when you're relying on them for critical tasks. It sounds like you're already exploring some of the latest models like GPT-4o and Claude Opus, which is great. Have you considered looking into workflow optimization tools that can help streamline your AI processes and reduce potential errors?",pending_review
2026-04-05 17:26:38,Agentic AI ,reddit,https://www.reddit.com/r/AI_Agents/,This person is interested in discussing and learning about A,Topic Intent,4,"Intent-Level: Topic Intent
Score: 4
Intent-Label: This person is interested in discussing and learning about AI Agents and related tools.
Reach-out: ""I totally understand the fascination with AI Agents and their potential to revolutionize various industries, it can be overwhelming to keep up with the latest developments in this space, have you considered exploring resources that simplify the integration of AI Agents into existing workflows?""","""I totally understand the fascination with AI Agents and their potential to revolutionize various industries, it can be overwhelming to keep up with the latest developments in this space, have you considered exploring resources that simplify the integration of AI Agents into existing workflows?""",pending_review
2026-04-05 17:26:39,Agentic AI ,reddit,https://www.reddit.com/r/deeplearning/comments/1c66dkw/are_ai_agents_and_agentic_workflow_the_future_of/,This person is interested in exploring the potential of AI a,Topic Intent,6,"Intent-Level: Topic Intent
Score: 6
Intent-Label: This person is interested in exploring the potential of AI agents and agentic workflows in the context of large language models.
Reach-out: I totally understand the fascination with AI agents and their potential to revolutionize workflows, it can be overwhelming to navigate the possibilities. What I've found helpful is to start by identifying specific pain points in your current workflow and then exploring how AI agents can be leveraged to address them, perhaps we could discuss some potential applications in the recruitment space.","I totally understand the fascination with AI agents and their potential to revolutionize workflows, it can be overwhelming to navigate the possibilities. What I've found helpful is to start by identifying specific pain points in your current workflow and then exploring how AI agents can be leveraged to address them, perhaps we could discuss some potential applications in the recruitment space.",pending_review
2026-04-05 17:26:40,Agentic AI ,reddit,https://www.reddit.com/r/AIAgenticWorkflows/,This person is exploring the concept of AI agentic workflows,Topic Intent,6,"Intent-Level: Topic Intent
Score: 6
Intent-Label: This person is exploring the concept of AI agentic workflows and their application in video processing.
Reach-out: I see you're interested in AI agentic workflows, it can be overwhelming to navigate the possibilities of AI in video processing, have you considered how automating video workflows could streamline your operations and what specific challenges are you trying to address with this technology?","I see you're interested in AI agentic workflows, it can be overwhelming to navigate the possibilities of AI in video processing, have you considered how automating video workflows could streamline your operations and what specific challenges are you trying to address with this technology?",pending_review
2026-04-05 17:26:40,Agentic AI ,reddit,https://www.reddit.com/r/ArtificialSentience/comments/1d478ud/understanding_agentic_thoughts/,This person is interested in understanding the concept of ag,Topic Intent,4,"Intent-Level: Topic Intent
Score: 4
Intent-Label: This person is interested in understanding the concept of agentic thoughts in artificial intelligence and its potential applications.
Reach-out: I can sense your fascination with the potential of AI to make self-directed decisions, it's an exciting area of research that can greatly impact the future of automation, have you considered exploring how these advancements could be applied to streamline recruitment processes and enhance candidate experiences in the HR industry?","I can sense your fascination with the potential of AI to make self-directed decisions, it's an exciting area of research that can greatly impact the future of automation, have you considered exploring how these advancements could be applied to streamline recruitment processes and enhance candidate experiences in the HR industry?",pending_review
2026-04-05 17:26:41,Agentic AI ,reddit,https://www.reddit.com/r/LocalLLaMA/comments/1cvputo/best_local_model_for_agents/,This person is seeking a suitable local model for agents to ,Problem Intent,6,"Intent-Level: Problem Intent
Score: 6
Intent-Label: This person is seeking a suitable local model for agents to improve tool usage and task management in their workflow.
Reach-out: I can sense the frustration of finding the right model for your agentic flows, it's great that you're exploring options like LLaMA. Have you considered the challenges of integrating a new model with your existing tools and workflows? Our platform has helped similar teams streamline their agent management, perhaps we could discuss how to simplify your tool generation and task decision processes.","I can sense the frustration of finding the right model for your agentic flows, it's great that you're exploring options like LLaMA. Have you considered the challenges of integrating a new model with your existing tools and workflows? Our platform has helped similar teams streamline their agent management, perhaps we could discuss how to simplify your tool generation and task decision processes.",pending_review
2026-04-05 17:26:42,Agentic AI ,reddit,https://www.reddit.com/r/MachineLearning/comments/1cy1kn9/d_ai_agents_too_early_too_expensive_too_unreliable/,This person is struggling with the practical implementation ,Problem Intent,6,"Intent-Level: Problem Intent
Score: 6
Intent-Label: This person is struggling with the practical implementation and reliability of AI agents in their current workflow or projects.
Reach-out: I completely understand your frustration with AI agents not living up to their promise, it can be really disappointing to invest time and resources into something that doesn't deliver, have you considered exploring other AI-powered tools that might be more mature and reliable, such as recruitment platforms that utilize AI to streamline hiring processes?","I completely understand your frustration with AI agents not living up to their promise, it can be really disappointing to invest time and resources into something that doesn't deliver, have you considered exploring other AI-powered tools that might be more mature and reliable, such as recruitment platforms that utilize AI to streamline hiring processes?",pending_review
2026-04-05 17:26:42,Agentic AI ,reddit,https://www.reddit.com/r/LocalLLaMA/comments/1csq713/which_open_source_project_has_made_the_most/,This person is exploring and discussing open source projects,Topic Intent,4,"Intent-Level: Topic Intent
Score: 4
Intent-Label: This person is exploring and discussing open source projects with agentic behavior, indicating a curiosity-driven information gathering need.
Reach-out: I totally understand your curiosity about ambitious open source projects, it can be overwhelming to navigate the landscape of agentic behavior initiatives. Having a clear overview of these projects can be really valuable, perhaps exploring platforms that specialize in showcasing innovative open source endeavors could help you discover more about what's currently possible and what's being developed.","I totally understand your curiosity about ambitious open source projects, it can be overwhelming to navigate the landscape of agentic behavior initiatives. Having a clear overview of these projects can be really valuable, perhaps exploring platforms that specialize in showcasing innovative open source endeavors could help you discover more about what's currently possible and what's being developed.",pending_review
2026-04-05 17:26:43,Agentic AI ,reddit,https://www.reddit.com/r/learnmachinelearning/comments/1c63sls/agentic_workflows_what_does_andrew_ng_think_of_ai/,This person is interested in exploring the capabilities and ,Topic Intent,4,"Intent-Level: Topic Intent
Score: 4
Intent-Label: This person is interested in exploring the capabilities and potential impact of AI agents on various industries.
Reach-out: I totally understand your curiosity about AI agents and their potential to revolutionize workflows, it can be overwhelming to stay on top of the latest developments in this space. I've found that many businesses are struggling to effectively implement AI solutions, and it's interesting to consider how AI agents might address some of these challenges. Have you considered how AI agents might be applied to specific pain points in your own industry, such as recruitment or talent management?","I totally understand your curiosity about AI agents and their potential to revolutionize workflows, it can be overwhelming to stay on top of the latest developments in this space. I've found that many businesses are struggling to effectively implement AI solutions, and it's interesting to consider how AI agents might address some of these challenges. Have you considered how AI agents might be applied to specific pain points in your own industry, such as recruitment or talent management?",pending_review
2026-04-05 17:26:44,Agentic AI ,reddit,https://www.reddit.com/r/ArtificialInteligence/comments/1do1xyi/indepth_introduction_to_atomic_agents_a_new/,This person is looking for innovative approaches to building,Topic Intent,4,"Intent-Level: Topic Intent
Score: 4
Intent-Label: This person is looking for innovative approaches to building AI applications and is interested in exploring new frameworks and libraries.
Reach-out: I can imagine how frustrating it can be to build complex AI applications from scratch, and it's great that you're exploring new approaches like Atomic Agents to simplify the process - have you considered how a recruitment tool could help you find the right talent to support your project's growth and implementation?","I can imagine how frustrating it can be to build complex AI applications from scratch, and it's great that you're exploring new approaches like Atomic Agents to simplify the process - have you considered how a recruitment tool could help you find the right talent to support your project's growth and implementation?",pending_review
2026-04-05 17:27:09,Agentic AI ,github,https://github.com/QuinntyneBrown/Blog,This person is experiencing challenges with managing and dep,Problem Intent,6,"Intent-Level: Problem Intent
Score: 6
Intent-Label: This person is experiencing challenges with managing and deploying their blog, and is looking for solutions to streamline their workflow.
Reach-out: I can sense the frustration that comes with managing a blog's infrastructure, and it's great that you're exploring ways to optimize your workflow. I've noticed that you're using GitHub Actions to automate your deployment process, which is a fantastic approach. Have you considered leveraging recruitment tools that can help you find experts who can assist with streamlining your blog's technical aspects, allowing you to focus on creating high-quality content?","I can sense the frustration that comes with managing a blog's infrastructure, and it's great that you're exploring ways to optimize your workflow. I've noticed that you're using GitHub Actions to automate your deployment process, which is a fantastic approach. Have you considered leveraging recruitment tools that can help you find experts who can assist with streamlining your blog's technical aspects, allowing you to focus on creating high-quality content?",pending_review
2026-04-05 17:27:16,Agentic AI ,github,https://github.com/OlegHQ/agent-configs,This person is actively working on a project and needs help ,Problem Intent,6,"Intent-Level: Problem Intent
Score: 6
Intent-Label: This person is actively working on a project and needs help with configuration and plugin management for their agent-configs repository.
Reach-out: I can sense the frustration that comes with managing complex configurations and plugins, it can be overwhelming to keep track of everything. It seems like you're putting a lot of effort into refactoring and updating your project, have you considered exploring tools that can help streamline your workflow and make it easier to manage your configurations, perhaps something like a recruitment tool that can help you find the right talent to support your project?","I can sense the frustration that comes with managing complex configurations and plugins, it can be overwhelming to keep track of everything. It seems like you're putting a lot of effort into refactoring and updating your project, have you considered exploring tools that can help streamline your workflow and make it easier to manage your configurations, perhaps something like a recruitment tool that can help you find the right talent to support your project?",pending_review
2026-04-05 17:27:22,Agentic AI ,github,https://github.com/srjn45/spaiOS,This person is actively working on a project and encounterin,Problem Intent,6,"Intent-Level: Problem Intent
Score: 6
Intent-Label: This person is actively working on a project and encountering technical issues, likely needing guidance or solutions for their development challenges.
Reach-out: I can see you're putting a lot of effort into your spaiOS project, and it's great that you're documenting your progress on GitHub. I've noticed you've been troubleshooting some issues with loadSession and I/O errors - have you considered exploring other resources or communities that might be able to offer some insight or support to help you overcome these hurdles, perhaps even streamlining your development process with the right tools?","I can see you're putting a lot of effort into your spaiOS project, and it's great that you're documenting your progress on GitHub. I've noticed you've been troubleshooting some issues with loadSession and I/O errors - have you considered exploring other resources or communities that might be able to offer some insight or support to help you overcome these hurdles, perhaps even streamlining your development process with the right tools?",pending_review
2026-04-05 17:27:29,Agentic AI ,github,https://github.com/pazdan12385/uix-ai-agent,This person is looking for solutions to integrate AI into th,Problem Intent,6,"Intent-Level: Problem Intent
Score: 6
Intent-Label: This person is looking for solutions to integrate AI into their UI/UX design process and is actively developing a project to achieve this.
Reach-out: I can sense the frustration of trying to merge AI and UI/UX design, it can be overwhelming to find the right tools and resources. I've seen many designers and developers struggle with this, and it's great that you're taking the initiative to create your own solution. Have you considered exploring existing frameworks or communities that focus on AI-driven design, they might be able to provide valuable insights or even collaboration opportunities to help you achieve your goals.","I can sense the frustration of trying to merge AI and UI/UX design, it can be overwhelming to find the right tools and resources. I've seen many designers and developers struggle with this, and it's great that you're taking the initiative to create your own solution. Have you considered exploring existing frameworks or communities that focus on AI-driven design, they might be able to provide valuable insights or even collaboration opportunities to help you achieve your goals.",pending_review
2026-04-05 17:33:38,Agentic AI ,reddit,https://www.reddit.com/r/singularity/comments/1bl503v/agentic_frameworks_will_lead_to_seismic_shift_in/,This person is interested in exploring the potential impact ,Topic Intent,6,"Intent-Level: Topic Intent
Score: 6
Intent-Label: This person is interested in exploring the potential impact of agentic frameworks on the job industry and is looking for like-minded individuals to discuss this topic.
Reach-out: I totally understand why you're excited about the potential of agentic frameworks to disrupt the job industry - it's a fascinating space. As someone who's clearly done their research, you might appreciate learning more about how other innovators are applying these concepts to solve real-world problems, perhaps we could explore some case studies or examples together to further the conversation.","I totally understand why you're excited about the potential of agentic frameworks to disrupt the job industry - it's a fascinating space. As someone who's clearly done their research, you might appreciate learning more about how other innovators are applying these concepts to solve real-world problems, perhaps we could explore some case studies or examples together to further the conversation.",pending_review
2026-04-05 17:43:42,pain in us health care recruiting,linkedin,https://www.linkedin.com/pulse/challenges-recruiting-healthcare-industry,This person is struggling to find and recruit skilled profes,Problem Intent,6,"Intent-Level: Problem Intent
Score: 6
Intent-Label: This person is struggling to find and recruit skilled professionals in the healthcare industry and needs effective recruitment strategies.
Reach-out: I can imagine how frustrating it must be to deal with the shortage of skilled professionals in the healthcare industry, which is why it's interesting to explore innovative approaches to recruitment that can help you stand out from the competition and attract the right talent, perhaps we could discuss some of those strategies.","I can imagine how frustrating it must be to deal with the shortage of skilled professionals in the healthcare industry, which is why it's interesting to explore innovative approaches to recruitment that can help you stand out from the competition and attract the right talent, perhaps we could discuss some of those strategies.",pending_review
2026-04-05 17:43:43,pain in us health care recruiting,linkedin,https://www.linkedin.com/pulse/challenges-recruiting-retaining-qualified-staff-marcio-andrade-silva-g3kpf,This person is struggling to retain qualified healthcare pro,Problem Intent,6,"Intent-Level: Problem Intent
Score: 6
Intent-Label: This person is struggling to retain qualified healthcare professionals and is aware of the consequences of high turnover rates.
Reach-out: I can imagine how challenging it must be to see talented healthcare professionals leave, disrupting patient care and increasing training costs - have you considered exploring strategies to improve staff engagement and retention, such as personalized development plans or enhanced workplace culture, to reduce turnover and improve overall job satisfaction?","I can imagine how challenging it must be to see talented healthcare professionals leave, disrupting patient care and increasing training costs - have you considered exploring strategies to improve staff engagement and retention, such as personalized development plans or enhanced workplace culture, to reduce turnover and improve overall job satisfaction?",pending_review
2026-04-05 17:43:44,pain in us health care recruiting,linkedin,https://www.linkedin.com/pulse/challenges-recruiting-specialized-healthcare-roles-nrhealthcare-84noc,This person is struggling to recruit specialized healthcare ,Problem Intent,6,"Intent-Level: Problem Intent
Score: 6
Intent-Label: This person is struggling to recruit specialized healthcare roles and is looking for alternative recruitment practices.
Reach-out: I can imagine how frustrating it must be to face unique challenges when recruiting for specialized healthcare roles, having to go beyond standard recruitment practices can be overwhelming. It's interesting that the healthcare industry, especially roles like nurses, require a more tailored approach. Have you considered exploring innovative recruitment tools that can help streamline your process and attract the right candidates?","I can imagine how frustrating it must be to face unique challenges when recruiting for specialized healthcare roles, having to go beyond standard recruitment practices can be overwhelming. It's interesting that the healthcare industry, especially roles like nurses, require a more tailored approach. Have you considered exploring innovative recruitment tools that can help streamline your process and attract the right candidates?",pending_review
2026-04-05 17:43:44,pain in us health care recruiting,linkedin,https://www.linkedin.com/pulse/six-months-2025-top-challenges-healthcare-provider-doxvc,This person is struggling to navigate the complexities of he,Problem Intent,8,"Intent-Level: Problem Intent
Score: 8
Intent-Label: This person is struggling to navigate the complexities of healthcare provider recruitment and is seeking solutions to urgent challenges.
Reach-out: I can imagine how overwhelming it must be to tackle the intricate issues in healthcare provider recruitment, especially with the current landscape being so urgent and complex. It's interesting that you're highlighting the halfway mark of 2025, which suggests you're looking for timely and effective solutions. Have you considered exploring innovative recruitment tools that could help streamline your process and address some of these pressing challenges?","I can imagine how overwhelming it must be to tackle the intricate issues in healthcare provider recruitment, especially with the current landscape being so urgent and complex. It's interesting that you're highlighting the halfway mark of 2025, which suggests you're looking for timely and effective solutions. Have you considered exploring innovative recruitment tools that could help streamline your process and address some of these pressing challenges?",pending_review
2026-04-05 17:43:45,pain in us health care recruiting,linkedin,https://www.linkedin.com/pulse/navigating-challenges-us-healthcare-recruitment-strategies-naaz-tgzrc/,This person is struggling with the challenges of recruiting ,Problem Intent,6,"Intent-Level: Problem Intent
Score: 6
Intent-Label: This person is struggling with the challenges of recruiting and retaining healthcare professionals due to high burnout and turnover rates.
Reach-out: I can imagine how overwhelming it must be to deal with the constant cycle of recruitment and training in the healthcare industry, where burnout and turnover are already high - have you considered exploring strategies to streamline your hiring process and improve employee retention, such as leveraging data-driven recruitment tools to find the best fit for your organization?","I can imagine how overwhelming it must be to deal with the constant cycle of recruitment and training in the healthcare industry, where burnout and turnover are already high - have you considered exploring strategies to streamline your hiring process and improve employee retention, such as leveraging data-driven recruitment tools to find the best fit for your organization?",pending_review
2026-04-05 17:43:46,pain in us health care recruiting,linkedin,https://www.linkedin.com/pulse/effective-strategies-tackle-healthcare-recruitment-challenges-kjmje,This person is struggling to find effective strategies to ov,Problem Intent,6,"Intent-Level: Problem Intent
Score: 6
Intent-Label: This person is struggling to find effective strategies to overcome healthcare recruitment challenges and is seeking solutions to combat staffing difficulties.
Reach-out: I can imagine how frustrating it must be to face recruitment challenges in the healthcare industry, especially when it affects the quality of care. It's interesting that you're exploring strategies to tackle these issues, have you considered leveraging data-driven recruitment tools to streamline your hiring process and find the best candidates more efficiently?","I can imagine how frustrating it must be to face recruitment challenges in the healthcare industry, especially when it affects the quality of care. It's interesting that you're exploring strategies to tackle these issues, have you considered leveraging data-driven recruitment tools to streamline your hiring process and find the best candidates more efficiently?",pending_review
2026-04-05 17:43:47,pain in us health care recruiting,linkedin,https://www.linkedin.com/pulse/recruitment-challenges-healthcare-industry-navigating-faizan-akhtar-yqhxe,This person is struggling with the complexities of recruitin,Problem Intent,6,"Intent-Level: Problem Intent
Score: 6
Intent-Label: This person is struggling with the complexities of recruiting in the heavily regulated healthcare industry.
Reach-out: I can imagine how frustrating it must be to navigate the recruitment process in healthcare, where ensuring high standards of care is paramount, but also slows down the hiring process - have you considered leveraging technology to streamline your recruitment workflow and stay compliant with regulations?","I can imagine how frustrating it must be to navigate the recruitment process in healthcare, where ensuring high standards of care is paramount, but also slows down the hiring process - have you considered leveraging technology to streamline your recruitment workflow and stay compliant with regulations?",pending_review
2026-04-05 17:43:47,pain in us health care recruiting,linkedin,https://www.linkedin.com/pulse/state-us-recruiting-20242025-key-hiring-metrics-pharma-alex-benjamin-neuje/,This recruiter is struggling to navigate the challenges of h,Problem Intent,6,"Intent-Level: Problem Intent
Score: 6
Intent-Label: This recruiter is struggling to navigate the challenges of high application volumes, lengthy hiring processes, and evolving sourcing strategies in the current hiring landscape.
Reach-out: I can sense the frustration that comes with managing high application volumes and lengthy hiring processes, it can be overwhelming to find the right candidate amidst all the noise. Our data shows that many recruiters are turning to innovative sourcing strategies to streamline their workflow. Have you considered exploring new tools to help optimize your hiring process and reduce time-to-hire?","I can sense the frustration that comes with managing high application volumes and lengthy hiring processes, it can be overwhelming to find the right candidate amidst all the noise. Our data shows that many recruiters are turning to innovative sourcing strategies to streamline their workflow. Have you considered exploring new tools to help optimize your hiring process and reduce time-to-hire?",pending_review
2026-04-05 17:43:48,pain in us health care recruiting,linkedin,https://www.linkedin.com/pulse/healthcare-staffing-challenges-2026-problems-practical-rmgpc,This person is struggling to find qualified healthcare profe,Problem Intent,6,"Intent-Level: Problem Intent
Score: 6
Intent-Label: This person is struggling to find qualified healthcare professionals and is looking for solutions to address staffing shortages.
Reach-out: I can imagine how challenging it must be to navigate healthcare staffing shortages, especially with the persistent shortage of physicians in many regions. It's interesting that you're highlighting this issue, as many organizations are now leveraging innovative recruitment tools to attract and retain top talent. Have you considered exploring technology-based solutions to streamline your hiring process and connect with qualified candidates more efficiently?","I can imagine how challenging it must be to navigate healthcare staffing shortages, especially with the persistent shortage of physicians in many regions. It's interesting that you're highlighting this issue, as many organizations are now leveraging innovative recruitment tools to attract and retain top talent. Have you considered exploring technology-based solutions to streamline your hiring process and connect with qualified candidates more efficiently?",pending_review
2026-04-05 17:43:49,pain in us health care recruiting,linkedin,https://www.linkedin.com/pulse/overcoming-healthcare-recruitment-challenges-top-talent-rushi-adhyaru,This person is struggling to attract healthcare professional,Problem Intent,6,"Intent-Level: Problem Intent
Score: 6
Intent-Label: This person is struggling to attract healthcare professionals and needs strategies to overcome recruitment challenges.
Reach-out: I can imagine how frustrating it must be to face healthcare recruitment challenges, especially with the increasing demand for professionals in the industry. It's great that you're looking for strategies to attract top talent, and I've seen many organizations find success by leveraging data-driven approaches to streamline their hiring processes. Have you considered exploring innovative recruitment tools that could help you optimize your workflow and find the best candidates?","I can imagine how frustrating it must be to face healthcare recruitment challenges, especially with the increasing demand for professionals in the industry. It's great that you're looking for strategies to attract top talent, and I've seen many organizations find success by leveraging data-driven approaches to streamline their hiring processes. Have you considered exploring innovative recruitment tools that could help you optimize your workflow and find the best candidates?",pending_review
2026-04-05 17:58:07,future of healthcare recruiting,linkedin,https://www.linkedin.com/pulse/healthcare-recruiting-trends-watch-2025-navigating-shlok-vishwakarma-n9oic,This person is looking for insights and trends to navigate t,Problem Intent,6,"Intent-Level: Problem Intent
Score: 6
Intent-Label: This person is looking for insights and trends to navigate the challenges of recruiting skilled professionals in the healthcare industry.
Reach-out: I can imagine how overwhelming it must be to stay ahead of the curve in healthcare recruiting, especially with the growing demand for skilled professionals - have you considered exploring innovative strategies to attract and retain top talent, such as leveraging data-driven recruitment tools to streamline your hiring process?","I can imagine how overwhelming it must be to stay ahead of the curve in healthcare recruiting, especially with the growing demand for skilled professionals - have you considered exploring innovative strategies to attract and retain top talent, such as leveraging data-driven recruitment tools to streamline your hiring process?",pending_review
2026-04-05 17:58:08,future of healthcare recruiting,linkedin,https://www.linkedin.com/pulse/top-5-recruitment-trends-2025-healthcare-terngroup-8ptkc,This person is looking for insights on the latest recruitmen,Problem Intent,6,"Intent-Level: Problem Intent
Score: 6
Intent-Label: This person is looking for insights on the latest recruitment trends in the healthcare sector to address their talent crisis.
Reach-out: I can imagine how challenging it must be to navigate the evolving recruitment landscape in healthcare, especially with the current talent crisis. It's interesting that you're looking ahead to 2025, which suggests you're proactive about staying ahead of the curve. Have you considered exploring innovative recruitment tools that could help you streamline your hiring process and attract the right talent?","I can imagine how challenging it must be to navigate the evolving recruitment landscape in healthcare, especially with the current talent crisis. It's interesting that you're looking ahead to 2025, which suggests you're proactive about staying ahead of the curve. Have you considered exploring innovative recruitment tools that could help you streamline your hiring process and attract the right talent?",pending_review
2026-04-05 17:58:08,future of healthcare recruiting,linkedin,https://www.linkedin.com/pulse/how-healthcare-staffing-changing-2026-narayana-janaparapu-5bkgf,This person is struggling to adapt to the changing landscape,Problem Intent,6,"Intent-Level: Problem Intent
Score: 6
Intent-Label: This person is struggling to adapt to the changing landscape of healthcare staffing and is looking for insights or solutions to navigate this shift.
Reach-out: I can sense the frustration that comes with trying to keep up with the evolving healthcare staffing landscape, it's indeed no longer just about matching candidates to open roles. What if you could leverage data-driven approaches to streamline your staffing process and stay ahead of the curve - would you be open to exploring some innovative strategies that are already working for other healthcare organizations?","I can sense the frustration that comes with trying to keep up with the evolving healthcare staffing landscape, it's indeed no longer just about matching candidates to open roles. What if you could leverage data-driven approaches to streamline your staffing process and stay ahead of the curve - would you be open to exploring some innovative strategies that are already working for other healthcare organizations?",pending_review
2026-04-05 17:58:09,future of healthcare recruiting,linkedin,https://www.linkedin.com/pulse/evolving-role-healthcare-recruiters-why-matters-peakrecruiter-qqsrc,This person is looking for insights on the evolving role of ,Problem Intent,6,"Intent-Level: Problem Intent
Score: 6
Intent-Label: This person is looking for insights on the evolving role of healthcare recruiters and its impact on their hiring processes.
Reach-out: I understand that the current healthcare job market can be challenging, especially with hiring slowing down and budgets tightening, which can add pressure to your recruitment efforts. It's interesting that you're exploring the evolving role of healthcare recruiters, as it highlights the need for innovative approaches to attract and retain top talent. Have you considered leveraging data-driven recruitment tools to optimize your hiring processes and stay ahead of the curve?","I understand that the current healthcare job market can be challenging, especially with hiring slowing down and budgets tightening, which can add pressure to your recruitment efforts. It's interesting that you're exploring the evolving role of healthcare recruiters, as it highlights the need for innovative approaches to attract and retain top talent. Have you considered leveraging data-driven recruitment tools to optimize your hiring processes and stay ahead of the curve?",pending_review
2026-04-05 17:58:10,future of healthcare recruiting,linkedin,https://www.linkedin.com/pulse/healthcare-recruiting-trends-2025-what-every-organization-must-ngf1c,This person is looking for insights on the current and futur,Problem Intent,6,"Intent-Level: Problem Intent
Score: 6
Intent-Label: This person is looking for insights on the current and future challenges in healthcare recruiting to inform their hiring strategies.
Reach-out: I can imagine how overwhelming it must be to navigate the rapidly changing healthcare landscape, especially when it comes to finding the right talent. With technology advancing at such a rapid pace, it's no wonder that recruiting in this sector can feel like a moving target. Have you considered exploring innovative recruitment tools that can help you stay ahead of the curve and attract top candidates in the healthcare industry?","I can imagine how overwhelming it must be to navigate the rapidly changing healthcare landscape, especially when it comes to finding the right talent. With technology advancing at such a rapid pace, it's no wonder that recruiting in this sector can feel like a moving target. Have you considered exploring innovative recruitment tools that can help you stay ahead of the curve and attract top candidates in the healthcare industry?",pending_review
2026-04-05 17:58:11,future of healthcare recruiting,linkedin,https://www.linkedin.com/pulse/new-reality-healthcare-staffing-why-future-depends-strategic-sobers-2gm7e/,This person is struggling to adapt to the changing healthcar,Problem Intent,6,"Intent-Level: Problem Intent
Score: 6
Intent-Label: This person is struggling to adapt to the changing healthcare staffing landscape and needs guidance on flexible workforce solutions.
Reach-out: I understand that navigating the evolving healthcare staffing landscape can be overwhelming, especially with the need for flexibility and workforce investment. It's interesting that you're thinking about the future of healthcare staffing, have you considered exploring innovative recruitment strategies that prioritize partnerships and expertise, perhaps we could discuss some ideas that might help you stay ahead of the curve.","I understand that navigating the evolving healthcare staffing landscape can be overwhelming, especially with the need for flexibility and workforce investment. It's interesting that you're thinking about the future of healthcare staffing, have you considered exploring innovative recruitment strategies that prioritize partnerships and expertise, perhaps we could discuss some ideas that might help you stay ahead of the curve.",pending_review
2026-04-05 17:58:11,future of healthcare recruiting,linkedin,https://www.linkedin.com/pulse/how-ai-redefining-healthcare-recruitment-2026-kate-66inc/,This person is exploring how AI can improve healthcare recru,Problem Intent,6,"Intent-Level: Problem Intent
Score: 6
Intent-Label: This person is exploring how AI can improve healthcare recruitment processes and seeking to understand its potential benefits.
Reach-out: I totally understand the challenges of finding the right talent in the healthcare industry, and it's great that you're looking into how AI can help - have you considered how AI-powered recruitment tools can help automate routine tasks and free up more time for strategic hiring decisions, perhaps we could discuss further how to leverage AI in your recruitment strategy?","I totally understand the challenges of finding the right talent in the healthcare industry, and it's great that you're looking into how AI can help - have you considered how AI-powered recruitment tools can help automate routine tasks and free up more time for strategic hiring decisions, perhaps we could discuss further how to leverage AI in your recruitment strategy?",pending_review
2026-04-05 17:58:12,future of healthcare recruiting,linkedin,https://www.linkedin.com/pulse/emerging-paradigms-global-healthcare-workforce-2025-ahmed-sattar-93hvf,This person is interested in understanding the latest trends,Topic Intent,4,"Intent-Level: Topic Intent
Score: 4
Intent-Label: This person is interested in understanding the latest trends and challenges in global healthcare workforce recruitment.
Reach-out: I can sense that you're invested in staying ahead of the curve in healthcare recruitment, and it can be overwhelming with all the technological advancements and demographic shifts happening simultaneously. It's interesting that you're exploring emerging paradigms, which suggests you're looking for innovative solutions to tackle these challenges. Have you considered how recruitment tools could help streamline your process and adapt to the evolving healthcare landscape?","I can sense that you're invested in staying ahead of the curve in healthcare recruitment, and it can be overwhelming with all the technological advancements and demographic shifts happening simultaneously. It's interesting that you're exploring emerging paradigms, which suggests you're looking for innovative solutions to tackle these challenges. Have you considered how recruitment tools could help streamline your process and adapt to the evolving healthcare landscape?",pending_review
2026-04-05 17:58:13,future of healthcare recruiting,linkedin,https://www.linkedin.com/pulse/future-recruitment-life-sciences-healthcare-edward-cruz-jdn8e/,This person is looking for innovative solutions to future-pr,Problem Intent,6,"Intent-Level: Problem Intent
Score: 6
Intent-Label: This person is looking for innovative solutions to future-proof their organization's recruitment process in the life sciences and healthcare sectors.
Reach-out: I understand the challenges of staying ahead in the rapidly evolving life sciences and healthcare landscape, where recruitment can be a make-or-break factor in driving innovation and growth - have you considered exploring AI-powered recruitment tools that can help you identify and attract top talent more efficiently?","I understand the challenges of staying ahead in the rapidly evolving life sciences and healthcare landscape, where recruitment can be a make-or-break factor in driving innovation and growth - have you considered exploring AI-powered recruitment tools that can help you identify and attract top talent more efficiently?",pending_review
2026-04-05 17:58:14,future of healthcare recruiting,linkedin,https://www.linkedin.com/pulse/navigating-future-top-healthcare-recruiters-executive-search-nhpuc,This person is struggling to find top-tier talent in the rap,Problem Intent,6,"Intent-Level: Problem Intent
Score: 6
Intent-Label: This person is struggling to find top-tier talent in the rapidly evolving healthcare landscape.
Reach-out: I can imagine how challenging it must be to find the right talent in such a competitive and dynamic industry, having the right tools and strategies can make a huge difference in securing exceptional candidates, have you considered exploring innovative recruitment solutions to streamline your hiring process?","I can imagine how challenging it must be to find the right talent in such a competitive and dynamic industry, having the right tools and strategies can make a huge difference in securing exceptional candidates, have you considered exploring innovative recruitment solutions to streamline your hiring process?",pending_review
2026-04-05 19:34:10,BULK: Malone Healthcare - Nursing,linkedin,https://www.linkedin.com/in/daniella-malone-18baa51b3,Decision Maker @ Malone Healthcare - Nursing,Problem Intent,4,"Intent-Level: Problem Intent
Score: 4
Intent-Label: Daniella Malone is likely looking for ways to improve her nursing career or find new opportunities in the healthcare industry.
Reach-out: I can imagine it's challenging to balance your nursing career and leadership aspirations, having started in telemetry and now leading Malone Healthcare - Nursing. I've seen many nurses in similar roles struggle to find the right talent to support their teams, which can hinder growth. Have you considered exploring innovative recruitment tools to streamline your hiring process and find the best fit for your organization?","I can imagine it's challenging to balance your nursing career and leadership aspirations, having started in telemetry and now leading Malone Healthcare - Nursing. I've seen many nurses in similar roles struggle to find the right talent to support their teams, which can hinder growth. Have you considered exploring innovative recruitment tools to streamline your hiring process and find the best fit for your organization?",pending_review
2026-04-05 19:34:11,BULK: Malone Healthcare - Nursing,linkedin,https://www.linkedin.com/in/courtney-malone-a3a138101,Decision Maker @ Malone Healthcare - Nursing,Problem Intent,4,"Intent-Level: Problem Intent
Score: 4
Intent-Label: This psychiatric nurse practitioner is likely looking for more efficient recruitment solutions to find qualified healthcare professionals.
Reach-out: I can imagine how challenging it must be to find the right talent for your healthcare team, especially in specialized fields like psychiatric nursing. Having the right recruitment tools can make a huge difference in streamlining your hiring process and finding the best fit for your organization. We've helped similar healthcare companies simplify their recruitment process, would you be open to exploring ways to optimize yours?","I can imagine how challenging it must be to find the right talent for your healthcare team, especially in specialized fields like psychiatric nursing. Having the right recruitment tools can make a huge difference in streamlining your hiring process and finding the best fit for your organization. We've helped similar healthcare companies simplify their recruitment process, would you be open to exploring ways to optimize yours?",pending_review
2026-04-05 19:34:12,BULK: Malone Healthcare - Nursing,linkedin,https://www.linkedin.com/in/patriciahorton1,Decision Maker @ Malone Healthcare - Nursing,Problem Intent,4,"Intent-Level: Problem Intent
Score: 4
Intent-Label: Patricia Horton is likely facing challenges in nursing recruitment and staffing at the Georgia Center for Nursing Excellence.
Reach-out: I can imagine how difficult it must be to ensure you have the right nursing talent to provide excellent care, especially with the current healthcare landscape - have you considered exploring innovative recruitment tools to streamline your hiring process and find the best fit for your team?","I can imagine how difficult it must be to ensure you have the right nursing talent to provide excellent care, especially with the current healthcare landscape - have you considered exploring innovative recruitment tools to streamline your hiring process and find the best fit for your team?",pending_review
2026-04-05 19:34:13,BULK: Malone Healthcare - Nursing,linkedin,https://www.linkedin.com/in/dr-irene-bean-dnp-fnp-pmhnp-faan-faanp-fnap-46019211,Decision Maker @ Malone Healthcare - Nursing,Topic Intent,4,"Intent-Level: Topic Intent
Score: 4
Intent-Label: Dr. Irene Bean is likely looking for innovative ways to develop nurse leadership and stay updated on the latest programs and partnerships in the nursing industry.
Reach-out: I can imagine how challenging it must be to find effective leadership development programs for nurses, and it's great that you're exploring initiatives like the Duke-Johnson & Johnson Nurse Leadership Program. Having a strong leadership pipeline is crucial for the success of healthcare organizations, and it's interesting to see how academic and industry partnerships can drive positive change. Perhaps we could discuss how technology can support your nurse recruitment and development efforts, and explore ways to streamline your hiring process to find the best talent for your team.","I can imagine how challenging it must be to find effective leadership development programs for nurses, and it's great that you're exploring initiatives like the Duke-Johnson & Johnson Nurse Leadership Program. Having a strong leadership pipeline is crucial for the success of healthcare organizations, and it's interesting to see how academic and industry partnerships can drive positive change. Perhaps we could discuss how technology can support your nurse recruitment and development efforts, and explore ways to streamline your hiring process to find the best talent for your team.",pending_review
2026-04-05 19:34:14,BULK: Malone Healthcare - Nursing,linkedin,https://www.linkedin.com/in/dr-lisa-l-dickerson-dnp-msn-ed-bsn-rn-bc-09585223,Decision Maker @ Malone Healthcare - Nursing,Problem Intent,4,"Intent-Level: Problem Intent
Score: 4
Intent-Label: Dr. Lisa L Dickerson is likely facing challenges in nursing recruitment and staffing at University Hospital.
Reach-out: I can imagine how difficult it must be to find the right nursing talent to provide quality care at University Hospital, having received the Educator of the year award, you must be keenly aware of the importance of having a skilled team in place, our platform has helped similar healthcare organizations streamline their recruitment process, would you be open to exploring ways to optimize your hiring workflow?","I can imagine how difficult it must be to find the right nursing talent to provide quality care at University Hospital, having received the Educator of the year award, you must be keenly aware of the importance of having a skilled team in place, our platform has helped similar healthcare organizations streamline their recruitment process, would you be open to exploring ways to optimize your hiring workflow?",pending_review
2026-04-05 19:34:15,BULK: Malone Healthcare - Nursing,linkedin,https://www.linkedin.com/in/rodney-boula-mha-hcqi-33087613,Decision Maker @ Malone Healthcare - Nursing,Problem Intent,4,"Intent-Level: Problem Intent
Score: 4
Intent-Label: Rodney Boula is likely looking for innovative solutions to streamline healthcare administration and operations to support the growth of Malone Healthcare.
Reach-out: I can imagine the challenges of leading a healthcare organization like Malone Healthcare, especially when it comes to navigating complex administrative tasks. Having a robust recruitment strategy in place can be a game-changer in ensuring you have the right talent to drive your organization's mission forward. Would you be open to exploring ways to optimize your hiring process and reduce time-to-hire for critical healthcare roles?","I can imagine the challenges of leading a healthcare organization like Malone Healthcare, especially when it comes to navigating complex administrative tasks. Having a robust recruitment strategy in place can be a game-changer in ensuring you have the right talent to drive your organization's mission forward. Would you be open to exploring ways to optimize your hiring process and reduce time-to-hire for critical healthcare roles?",pending_review
2026-04-05 19:34:16,BULK: Malone Healthcare - Nursing,linkedin,https://www.linkedin.com/in/carolpurcell-rn,Decision Maker @ Malone Healthcare - Nursing,Problem Intent,6,"Intent-Level: Problem Intent
Score: 6
Intent-Label: This nurse leader is exploring new opportunities, indicating a potential need for career advancement or a change in her current role.
Reach-out: I can sense that you're at a crossroads in your career, and it's completely normal to feel uncertain about what's next. Having spent 20+ years in the nursing field, you must have a unique understanding of what drives success in healthcare leadership. If you're open to exploring new opportunities, our platform has helped numerous healthcare professionals like yourself discover new paths and connect with organizations that align with their values and goals.","I can sense that you're at a crossroads in your career, and it's completely normal to feel uncertain about what's next. Having spent 20+ years in the nursing field, you must have a unique understanding of what drives success in healthcare leadership. If you're open to exploring new opportunities, our platform has helped numerous healthcare professionals like yourself discover new paths and connect with organizations that align with their values and goals.",pending_review
2026-04-05 19:34:17,BULK: Malone Healthcare - Nursing,linkedin,https://www.linkedin.com/in/kerryjswanson,Decision Maker @ Malone Healthcare - Nursing,Problem Intent,6,"Intent-Level: Problem Intent
Score: 6
Intent-Label: Kerry Swanson is likely seeking innovative solutions to optimize healthcare operations and improve patient-centered care.
Reach-out: I can imagine the challenges of balancing strategy, finance, and clinical programs in healthcare can be overwhelming, having a streamlined approach to talent acquisition and management can be a game-changer, have you considered exploring new recruitment tools to support your goals?","I can imagine the challenges of balancing strategy, finance, and clinical programs in healthcare can be overwhelming, having a streamlined approach to talent acquisition and management can be a game-changer, have you considered exploring new recruitment tools to support your goals?",pending_review
2026-04-05 19:34:21,BULK: Malone Healthcare - Nursing,linkedin,https://www.linkedin.com/posts/katiebostonleary_join-us-at-the-2026-opportunity-impact-activity-7415035009427947520-_iI2,Decision Maker @ Malone Healthcare - Nursing,Topic Intent,4,"Intent-Level: Topic Intent
Score: 4
Intent-Label: The company is looking to connect with nursing professionals and stay updated on industry trends and best practices.
Reach-out: ""It's great that Malone Healthcare is invested in the growth and development of nursing professionals, I can imagine the Opportunity & Impact in Nursing Summit will be a fantastic platform for knowledge sharing and networking, have you considered leveraging technology to streamline your recruitment process to find the best fit for your team?""","""It's great that Malone Healthcare is invested in the growth and development of nursing professionals, I can imagine the Opportunity & Impact in Nursing Summit will be a fantastic platform for knowledge sharing and networking, have you considered leveraging technology to streamline your recruitment process to find the best fit for your team?""",pending_review
2026-04-05 19:34:21,BULK: Malone Healthcare - Nursing,linkedin,https://www.linkedin.com/posts/michael-cary-98262375_honored-to-have-been-invited-to-join-the-activity-7354570239222632451-b3--,Decision Maker @ Malone Healthcare - Nursing,Topic Intent,4,"Intent-Level: Topic Intent
Score: 4
Intent-Label: This nursing leader is interested in exploring the applications of AI in nursing and staying updated on industry trends.
Reach-out: ""Congratulations on being invited to the AACN Thought Leaders Assembly, that's a great honor. I can imagine it's exciting to discuss the potential of AI in nursing with other academic and practice leaders. Have you considered how AI-powered recruitment tools could help streamline nursing staffing and support the development of AI-driven healthcare initiatives?""","""Congratulations on being invited to the AACN Thought Leaders Assembly, that's a great honor. I can imagine it's exciting to discuss the potential of AI in nursing with other academic and practice leaders. Have you considered how AI-powered recruitment tools could help streamline nursing staffing and support the development of AI-driven healthcare initiatives?""",pending_review
2026-04-05 19:34:22,BULK: Malone Healthcare - Nursing,linkedin,https://www.linkedin.com/posts/angela-wignall_theres-something-different-about-heading-activity-7442183157610721280-hwG9,Decision Maker @ Malone Healthcare - Nursing,Problem Intent,4,"Intent-Level: Problem Intent
Score: 4
Intent-Label: This person is reflecting on their experience as a nurse practitioner and the challenges of shaping the future of practice in British Columbia.
Reach-out: I can sense the passion and dedication you have for your work as a nurse practitioner, and it's great that you're taking time to reflect on what truly matters - I've seen how leadership roles like yours can be both rewarding and challenging, have you considered exploring new strategies for supporting your team and advancing the field of nursing practice?","I can sense the passion and dedication you have for your work as a nurse practitioner, and it's great that you're taking time to reflect on what truly matters - I've seen how leadership roles like yours can be both rewarding and challenging, have you considered exploring new strategies for supporting your team and advancing the field of nursing practice?",pending_review
2026-04-05 19:34:23,BULK: Malone Healthcare - Nursing,linkedin,https://www.linkedin.com/posts/naissanvahman_aacn2026-nursingeducation-ai-activity-7442962953479462913-KZI9,Decision Maker @ Malone Healthcare - Nursing,Buying Intent,8,"Intent-Level: Buying Intent
Score: 8
Intent-Label: This person is looking for innovative solutions to enhance nursing education, particularly with the application of AI.
Reach-out: I can imagine how challenging it must be to stay ahead of the curve in nursing education, especially with the rapid advancements in AI - it's great that you're exploring ways to leverage technology to improve outcomes; our platform has helped similar organizations streamline their recruitment processes, perhaps we could discuss how it might support your efforts in finding the right talent to drive innovation in nursing education.","I can imagine how challenging it must be to stay ahead of the curve in nursing education, especially with the rapid advancements in AI - it's great that you're exploring ways to leverage technology to improve outcomes; our platform has helped similar organizations streamline their recruitment processes, perhaps we could discuss how it might support your efforts in finding the right talent to drive innovation in nursing education.",pending_review
2026-04-05 19:34:24,BULK: Malone Healthcare - Nursing,linkedin,https://www.linkedin.com/posts/katherinepiette_careathome-virtualnursing-woundcare-activity-7442935233621954560-5oje,Decision Maker @ Malone Healthcare - Nursing,Problem Intent,8,"Intent-Level: Problem Intent
Score: 8
Intent-Label: This person is facing challenges in meeting the demand for wound care services as care shifts into the home setting.
Reach-out: I can imagine how overwhelming it must be to keep up with the growing demand for wound care services, especially when care is shifting into the home - it's great that you're exploring innovative solutions like virtual wound care to extend expertise and meet patient needs, have you considered leveraging recruitment tools to find specialized talent to support your virtual care initiatives?","I can imagine how overwhelming it must be to keep up with the growing demand for wound care services, especially when care is shifting into the home - it's great that you're exploring innovative solutions like virtual wound care to extend expertise and meet patient needs, have you considered leveraging recruitment tools to find specialized talent to support your virtual care initiatives?",pending_review
2026-04-05 19:34:24,BULK: Malone Healthcare - Nursing,linkedin,https://www.linkedin.com/posts/san-diego-regional-economic-development-corporation_new-healthcare-is-san-diegos-second-largest-activity-7396361231684571136-vn8J,Decision Maker @ Malone Healthcare - Nursing,Problem Intent,8,"Intent-Level: Problem Intent
Score: 8
Intent-Label: The lead at Malone Healthcare is struggling to find skilled nurses to address the critical shortage in San Diego.
Reach-out: I can imagine how challenging it must be to navigate the nursing shortage in San Diego, it's a complex issue that many healthcare organizations are facing. Our data shows that leveraging targeted recruitment strategies can help attract top nursing talent, have you considered exploring innovative sourcing methods to fill your open positions?","I can imagine how challenging it must be to navigate the nursing shortage in San Diego, it's a complex issue that many healthcare organizations are facing. Our data shows that leveraging targeted recruitment strategies can help attract top nursing talent, have you considered exploring innovative sourcing methods to fill your open positions?",pending_review
2026-04-05 19:34:25,BULK: Malone Healthcare - Nursing,linkedin,https://www.linkedin.com/posts/southern-regional-technical-college_gov-kemp-announces-tcsg-mercer-transfer-activity-7425901441292283904-9fAa,Decision Maker @ Malone Healthcare - Nursing,Topic Intent,4,"Intent-Level: Topic Intent
Score: 4
Intent-Label: This person is interested in learning about educational pathways and partnerships that can benefit nursing students.
Reach-out: I can imagine how important it is for nursing students to have seamless pathways to further their education, and it's great that you're excited about the new articulation agreement between the Technical College System of Georgia and Mercer University - have you considered how a streamlined recruitment process could also support the growth of your nursing program?","I can imagine how important it is for nursing students to have seamless pathways to further their education, and it's great that you're excited about the new articulation agreement between the Technical College System of Georgia and Mercer University - have you considered how a streamlined recruitment process could also support the growth of your nursing program?",pending_review
2026-04-05 19:34:26,BULK: Malone Healthcare - Nursing,linkedin,https://www.linkedin.com/posts/nathan-illman_nursingleadership-clinicalsupervision-activity-7444273479614390272-F9wC,Decision Maker @ Malone Healthcare - Nursing,Problem Intent,6,"Intent-Level: Problem Intent
Score: 6
Intent-Label: This nursing leader is struggling to help supervisors balance self-compassion with their demanding roles.
Reach-out: I can sense how challenging it must be to support nursing supervisors in being compassionate to themselves, especially when they're used to prioritizing others - have you considered exploring strategies to foster a culture of self-care within your organization, perhaps starting with workshops or resources that promote supervisor well-being?","I can sense how challenging it must be to support nursing supervisors in being compassionate to themselves, especially when they're used to prioritizing others - have you considered exploring strategies to foster a culture of self-care within your organization, perhaps starting with workshops or resources that promote supervisor well-being?",pending_review
2026-04-05 19:35:26,BULK: LanceSoft,linkedin,https://in.linkedin.com/in/nihar-shetty-44553849,Decision Maker @ LanceSoft,Topic Intent,4,"Intent-Level: Topic Intent
Score: 4
Intent-Label: Nihar Shetty is likely looking to expand his professional network and stay updated on industry trends in the engineering and pre-silicon space.
Reach-out: ""Hi Nihar, I noticed you're heading the Engineering Vertical at LanceSoft, which can be a challenging yet rewarding role. I'm curious, what are some of the most pressing issues you're currently facing in terms of talent acquisition and team management? Perhaps we could explore some innovative solutions to help streamline your hiring process and find the best fit for your team.""","""Hi Nihar, I noticed you're heading the Engineering Vertical at LanceSoft, which can be a challenging yet rewarding role. I'm curious, what are some of the most pressing issues you're currently facing in terms of talent acquisition and team management? Perhaps we could explore some innovative solutions to help streamline your hiring process and find the best fit for your team.""",pending_review
2026-04-05 19:35:27,BULK: LanceSoft,linkedin,https://in.linkedin.com/in/ashutoshkumarlancesoft,Decision Maker @ LanceSoft,Problem Intent,6,"Intent-Level: Problem Intent
Score: 6
Intent-Label: Ashutosh Kumar is likely looking for efficient ways to scale his staffing and technology ecosystems at LanceSoft.
Reach-out: I can imagine it's challenging to balance growth with operational efficiency, especially in the staffing industry - have you considered exploring innovative recruitment tools that could help streamline your processes and improve candidate quality, perhaps we could discuss some potential solutions that might help LanceSoft achieve its goals.","I can imagine it's challenging to balance growth with operational efficiency, especially in the staffing industry - have you considered exploring innovative recruitment tools that could help streamline your processes and improve candidate quality, perhaps we could discuss some potential solutions that might help LanceSoft achieve its goals.",pending_review
2026-04-05 19:35:29,BULK: LanceSoft,linkedin,https://www.linkedin.com/in/g-divyanshi,Decision Maker @ LanceSoft,Problem Intent,4,"Intent-Level: Problem Intent
Score: 4
Intent-Label: This Talent Acquisition Executive is likely facing challenges in finding and hiring creative talent, and may be looking for more efficient recruitment solutions.
Reach-out: I can imagine how tough it must be to find the perfect creative fit for your team, especially when time-to-hire is crucial - have you considered exploring innovative recruitment tools that can help streamline your talent acquisition process and connect you with top candidates more efficiently?","I can imagine how tough it must be to find the perfect creative fit for your team, especially when time-to-hire is crucial - have you considered exploring innovative recruitment tools that can help streamline your talent acquisition process and connect you with top candidates more efficiently?",pending_review
2026-04-05 19:35:29,BULK: LanceSoft,linkedin,https://www.linkedin.com/in/ayushmittal018,Decision Maker @ LanceSoft,Problem Intent,6,"Intent-Level: Problem Intent
Score: 6
Intent-Label: Ayush Mittal is likely looking for ways to optimize and streamline the recruitment process for technical roles at LanceSoft.
Reach-out: I can imagine managing recruitment processes for technical roles can be challenging, especially with the current talent landscape. It's great that you have a strong background in mechanical design engineering, which probably gives you a unique understanding of the skills required. Have you considered exploring innovative recruitment tools that can help you automate tasks and focus on high-touch, human aspects of the hiring process?","I can imagine managing recruitment processes for technical roles can be challenging, especially with the current talent landscape. It's great that you have a strong background in mechanical design engineering, which probably gives you a unique understanding of the skills required. Have you considered exploring innovative recruitment tools that can help you automate tasks and focus on high-touch, human aspects of the hiring process?",pending_review
2026-04-05 19:35:30,BULK: LanceSoft,linkedin,https://www.linkedin.com/in/manishsachankamsainc,Decision Maker @ LanceSoft,Problem Intent,6,"Intent-Level: Problem Intent
Score: 6
Intent-Label: Manish Sachan is likely looking for efficient recruitment solutions to streamline LanceSoft's technical recruiting and staffing processes.
Reach-out: I can imagine how challenging it must be to manage technical recruiting and staffing for federal and commercial consulting projects, having to balance multiple requirements and timelines. Our experience has shown that many recruiting professionals struggle with inefficient recruitment processes, which can lead to delays and missed opportunities. Have you considered exploring innovative recruitment tools that could help simplify your workflow and improve candidate matching?","I can imagine how challenging it must be to manage technical recruiting and staffing for federal and commercial consulting projects, having to balance multiple requirements and timelines. Our experience has shown that many recruiting professionals struggle with inefficient recruitment processes, which can lead to delays and missed opportunities. Have you considered exploring innovative recruitment tools that could help simplify your workflow and improve candidate matching?",pending_review
2026-04-05 19:35:31,BULK: LanceSoft,linkedin,https://www.linkedin.com/in/anshdeep-chaudhary-71b0bb214,Decision Maker @ LanceSoft,Buying Intent,8,"Intent-Level: Buying Intent
Score: 8
Intent-Label: Anshdeep Chaudhary is likely looking for efficient recruitment tools to streamline engineering hiring processes for LanceSoft in the USA and Canada.
Reach-out: I can imagine how challenging it must be to find the right talent in a competitive engineering market, which is why I'd like to share an insight - leveraging AI-powered recruitment tools can significantly reduce time-to-hire and improve candidate quality, would you be open to exploring some innovative solutions that might help LanceSoft's hiring process?","I can imagine how challenging it must be to find the right talent in a competitive engineering market, which is why I'd like to share an insight - leveraging AI-powered recruitment tools can significantly reduce time-to-hire and improve candidate quality, would you be open to exploring some innovative solutions that might help LanceSoft's hiring process?",pending_review
2026-04-05 19:35:32,BULK: LanceSoft,linkedin,https://www.linkedin.com/in/jeremy-mackey-1b11216,Decision Maker @ LanceSoft,Problem Intent,4,"Intent-Level: Problem Intent
Score: 4
Intent-Label: Jeremy Mackey is likely looking to optimize his sales team's performance and efficiency, given his experience in sales leadership and business development.
Reach-out: I can imagine it can be challenging to balance sales growth with team productivity, especially in a competitive market like the Greater Richmond Region. Have you considered leveraging data-driven insights to streamline your sales processes and improve overall performance? Our platform has helped similar sales leaders like yourself achieve remarkable results, and I'd love to explore whether it could be a good fit for LanceSoft.","I can imagine it can be challenging to balance sales growth with team productivity, especially in a competitive market like the Greater Richmond Region. Have you considered leveraging data-driven insights to streamline your sales processes and improve overall performance? Our platform has helped similar sales leaders like yourself achieve remarkable results, and I'd love to explore whether it could be a good fit for LanceSoft.",pending_review
2026-04-05 19:35:33,BULK: LanceSoft,linkedin,https://in.linkedin.com/in/rahul-negi-699175154,Decision Maker @ LanceSoft,Problem Intent,6,"Intent-Level: Problem Intent
Score: 6
Intent-Label: Rahul Negi is likely facing challenges in managing IT delivery for Global Systems Integrators and may be looking for efficient recruitment solutions.
Reach-out: I can imagine how overwhelming it must be to handle the ""heavy lifting"" of IT delivery, especially when it comes to finding the right talent. Having the right recruitment tools can make a huge difference in streamlining your process and reducing the burden. We've helped similar businesses simplify their recruitment process, would you be open to exploring how our solution can support your team?","I can imagine how overwhelming it must be to handle the ""heavy lifting"" of IT delivery, especially when it comes to finding the right talent. Having the right recruitment tools can make a huge difference in streamlining your process and reducing the burden. We've helped similar businesses simplify their recruitment process, would you be open to exploring how our solution can support your team?",pending_review
2026-04-05 19:35:33,BULK: LanceSoft,linkedin,https://in.linkedin.com/in/kishore-tadepalli-53a21b16,Decision Maker @ LanceSoft,Problem Intent,6,"Intent-Level: Problem Intent
Score: 6
Intent-Label: Kishore Tadepalli needs efficient recruitment solutions to manage key GCC accounts and find niche skill talent.
Reach-out: I can imagine how challenging it must be to find the right talent for niche skills and leadership roles, especially when managing multiple GCC accounts. Having the right recruitment tools can make a huge difference in streamlining your hiring process. Have you considered exploring innovative SaaS solutions that can help you optimize your recruitment strategy and improve candidate matching?","I can imagine how challenging it must be to find the right talent for niche skills and leadership roles, especially when managing multiple GCC accounts. Having the right recruitment tools can make a huge difference in streamlining your hiring process. Have you considered exploring innovative SaaS solutions that can help you optimize your recruitment strategy and improve candidate matching?",pending_review
