Timestamp,Query,Platform,URL,Intent,LLM Response
2026-03-29 19:47:08,recruitment,stackoverflow,https://stackoverflow.com/questions/79908919/develop-a-command-interpreter-for-their-prototype-robot,Technical Bottleneck Identification,"Intent: Seeking a skilled Software Engineer to develop a Command Interpreter for a prototype robot.

Reach-out: Dear Edwin Nelson, 

I came across your post on Stack Overflow regarding the development of a Command Interpreter for a prototype robot. I am impressed by your expertise in C++ and your ability to break down complex problems into manageable parts. 

I am reaching out to you today because we are looking for a skilled Software Engineer like yourself to join our team. Our company is working on a project that involves developing a Command Interpreter for a prototype robot, and we believe your skills and experience would be a great fit. 

The project involves writing a program that checks whether a user-submitted instruction follows one of the five approved syntactic patterns. If the instruction is valid, the robot will execute it. If not, the program must diagnose the error, explaining which part of the syntax is broken and why the robot would misinterpret it. 

We are looking for someone who is not only proficient in C++ but also has excellent problem-solving skills and attention to detail. If you are interested in this opportunity, I would love to schedule a call to discuss further. 

Please let me know if you are available for a call this week or next. I look forward to hearing from you.

Best regards,
[Your Name]"
2026-03-29 19:47:13,recruitment,stackoverflow,https://stackoverflow.com/questions/33985168/mysqli-bind-param-is-not-working-properly,Technical Bottleneck Identification,"Intent: Seeking Technical Expertise for Recruitment Software Development
Reach-out: I came across your question on Stack Overflow regarding the MySQLi bind_param() issue in your recruitment software prototype. I'd like to offer my assistance in resolving this technical challenge. With your expertise in PHP and MySQL, I believe we could collaborate to create a more efficient and scalable solution for your recruitment software. Would you be open to discussing potential opportunities for technical collaboration or consulting?"
2026-03-29 19:48:12,recruitment,github,https://github.com/Recruitment,Technical Bottleneck Identification,"Intent: Seeking Recruitment or Hiring Information
Reach-out: Dear Recruitment Team, I came across your GitHub profile and noticed that you're involved in recruitment efforts. I'd like to express my interest in exploring potential job opportunities or learning more about your hiring process. Could you please share some information about the types of roles you're currently recruiting for or any upcoming positions that might be a good fit? I'd appreciate any guidance or insights you can provide. Thank you for your time, and I look forward to hearing from you."
2026-03-29 19:48:21,recruitment,github,https://github.com/techops-recsys-lateral-hiring,Technical Bottleneck Identification,"Intent: Hiring Technical Professionals (Data Engineers, Data Scientists, Mobile Developers)
Reach-out: Dear TechOps Team, I came across your GitHub profile and was impressed by the variety of technical projects you've shared, including data engineering transformations, data science applications, and mobile development examples. I'd like to explore potential collaboration or hiring opportunities for skilled professionals in these areas. Could we schedule a call to discuss further? Best regards, [Your Name]"
2026-03-29 19:48:25,recruitment,github,https://github.com/dimmasyusuf,Technical Bottleneck Identification,"Intent: Hiring Fullstack Engineer 
Reach-out: Dear Dimas Yusuf Qurohman, I came across your GitHub profile and was impressed with your achievements and experience as a Fullstack Engineer. I am reaching out to explore potential opportunities for collaboration or recruitment. Your skills and expertise would be a great fit for our team, and I would love to discuss how we can work together. Please let me know if you are open to new opportunities or would like to learn more about our company. You can visit my website at [company website] or connect with me on LinkedIn at [LinkedIn profile]. I look forward to hearing from you and exploring how we can work together. Best regards, [Your Name]"
2026-03-29 22:12:37,agentic ai,stackoverflow,https://stackoverflow.com/questions/79625262/azure-agentic-ai-unable-to-register-and-run-custom-function-call,Azure Agentic AI- unable to register and run custom function,"Intent: Seeking Technical Assistance or Hiring Azure AI/Python Expert
Reach-out: Dear Azure AI Expert, I came across your question on Stack Overflow regarding the issue with registering and running a custom function call in Azure Agentic AI. I understand that you've followed the Azure documentation and implemented the code, but you're still encountering an error. I'd like to offer my assistance in resolving this issue or discuss potential collaboration opportunities if you're looking for an expert in Azure AI or Python development. Please let me know if you're interested in exploring further. Best regards, [Your Name]"
2026-03-29 22:12:41,agentic ai,stackoverflow,https://stackoverflow.com/questions/79901472/agentic-how-can-agentic-ai-be-implemented-to-perform-autonomous-tasks-in-real-w,artificial intelligence - Agentic: How can Agentic AI be imp,"Intent: Seeking Information/Assistance
Reach-out: I came across a removed question on Stack Overflow and was wondering if you could provide more context or guidance on the topic. If you're available, I'd appreciate the opportunity to discuss further and explore potential solutions or alternatives."
2026-03-29 22:12:46,agentic ai,stackoverflow,https://stackoverflow.com/questions/79916580/how-to-implement-explainable-anomaly-detection-using-agentic-ai-architecture,How to implement explainable anomaly detection using Agentic,"Intent: Seeking Technical Guidance or Collaboration
Reach-out: Dear Kamalika, I came across your question on implementing explainable anomaly detection using Agentic AI architecture and was impressed by the depth of your research. As someone with expertise in AI and machine learning, I'd be happy to help you explore possible solutions, discuss potential architectures, and provide guidance on integrating explainability into your workflow. Would you be open to a discussion on how to approach this project and potentially collaborate on finding the best approaches for your Agentic AI-Based Anomaly Detection System?"
2026-03-29 22:24:50,hiring,github,https://github.com/Tirth3929v/Campus-Recruit-AI-Power-System,Tirth3929v/Campus-Recruit-AI-Power-System,"Intent: Hiring Software Engineer/Technical Recruiter 
Reach-out: Dear Tirth3929v, I came across your GitHub repository for the Campus-Recruit-AI-Power-System and was impressed by the work you've done on the project. As a technical headhunter, I'm always on the lookout for talented individuals with expertise in AI and software development. I'd love to discuss potential job opportunities that might be a good fit for your skills and experience. Would you be open to a conversation about your career goals and how I can assist you in finding the right role?"
2026-03-29 22:24:56,hiring,github,https://github.com/yo-is4ac/vagaphen,yo-is4ac/vagaphen,"Intent: Hiring Software Engineer 
Reach-out: Dear yo-is4ac, I came across your GitHub repository vagaphen and was impressed with the initiative you've taken to create and share your project with the community. As a technical headhunter, I'm always on the lookout for talented individuals like yourself who are passionate about software development. I'd love to discuss potential job opportunities that might be a good fit for your skills and interests. Would you be open to exploring some exciting roles in the industry? I'd be happy to set up a time to talk more about your experience and goals. Best regards, [Your Name]"
2026-03-29 22:25:03,hiring,github,https://github.com/Canlah-AI/onboarding,Canlah-AI/onboarding,"Intent: Hiring Technical Talent (likely a software engineer or IT professional) 
Reach-out: Dear Hiring Manager at Canlah-AI, I came across your onboarding repository on GitHub and was impressed by the structured approach to new hire integration. The documentation, including the ONBOARDING-SOP.md and INFRASTRUCTURE.md files, showcases a thorough and organized onboarding process. I am reaching out to express my interest in potential technical opportunities at Canlah-AI, particularly in areas related to AI, infrastructure, or software development. With my skills in [insert relevant skills], I believe I could make a valuable contribution to your team. I would appreciate the chance to discuss my qualifications further and learn more about your team's work. Please feel free to contact me at [insert contact information]."
2026-03-29 22:55:22,hiring,linkedin,https://www.linkedin.com/jobs,"LinkedIn Job Search: Find US Jobs, Internships, Jobs Near Me","Intent: Seeking Job Opportunities/Networking
Reach-out: I came across your profile and was impressed with your background. As someone who is likely looking to leverage their professional network for new opportunities, I wanted to reach out and explore potential job openings that may be a good fit for your skills and experience. With 64% of job seekers getting hired through referrals, I believe my network could be a valuable resource for you. Would you be open to discussing your current job search and seeing if we can connect you with any relevant openings?"
2026-03-29 22:55:23,hiring,linkedin,https://www.linkedin.com/jobs/linkedin-jobs,"108,000+ Linkedin jobs in United States (13,015 new)","Intent: Hiring/Job Posting
Reach-out: I came across the extensive list of over 108,000 job opportunities on LinkedIn in the United States, with 13,015 new positions added. I'd like to express my interest in exploring these roles further and learning more about the hiring process for top talent. Could we schedule a time to discuss how I can assist in finding the best candidates for these positions?"
2026-03-29 22:55:23,hiring,linkedin,https://www.linkedin.com/jobs/hiring-immediately!-jobs,"161,000+Hiring Immediately! Jobs in United States (7,602 new","Intent: Hiring Immediately for Various Positions
Reach-out: Dear Hiring Manager, I came across the 161,000+ immediate hiring opportunities in the United States and I'm excited to explore potential candidates who can fill these roles. I'd love to discuss how my network and expertise can assist in finding the perfect fit for your company's immediate needs. Please let's connect to explore further."
2026-03-29 23:30:24,hiring,linkedin,https://www.linkedin.com/jobs,"LinkedIn Job Search: Find US Jobs, Internships, Jobs Near Me","Intent: Seeking Job Opportunities/Networking
Reach-out: I came across your profile and was impressed with your background. As someone who understands the importance of referrals in the job search process, I'd like to connect and explore potential opportunities that might be a good fit for you. Would you be open to discussing your current goals and how I can assist you in achieving them?"
2026-03-29 23:30:24,hiring,linkedin,https://www.linkedin.com/jobs/linkedin-jobs,"108,000+ Linkedin jobs in United States (13,015 new)","Intent: Hiring/Job Posting
Reach-out: I came across the extensive list of over 108,000 job openings on LinkedIn in the United States, with 13,015 new additions. I'd like to express my interest in exploring potential opportunities that align with my skills and experience. Could you please share more information about the types of roles currently available, or discuss how my professional background might fit into the current job market?"
2026-03-29 23:30:25,hiring,linkedin,https://in.linkedin.com/jobs/jobs-in-delhi-india,"8,000+ Jobs in Delhi, India (792 new)","Intent: Seeking Job Opportunities
Reach-out: Dear Hiring Manager, I came across the 8,000+ job listings in Delhi, India, and I am excited to explore potential opportunities that match my skills and experience. I would appreciate the chance to discuss how my professional network and abilities can contribute to a role in New Delhi. Please let's connect to learn more about the new job additions and how I can leverage my expertise to get hired."
2026-03-29 23:40:23,gigin ai,linkedin,https://www.linkedin.com/company/gigin-ai/,Gigin.ai - LinkedIn,"Intent: Promoting Hiring Software
Reach-out: Dear Hiring Manager, I came across Gigin.ai and was impressed by the innovative AI-powered recruitment platform, Gigin Recruiter, designed for recruiters and business owners. I'd love to explore how this technology can streamline your hiring process and enhance your recruitment strategy. Would you be open to a discussion on how Gigin Recruiter can benefit your organization?"
2026-03-29 23:40:23,gigin ai,linkedin,https://www.linkedin.com/products/gigin-ai-gigin-recruiter/,Gigin Recruiter - LinkedIn,"Intent: Seeking Recruitment Solutions/Partnership
Reach-out: Dear Gigin Recruiter Team, I came across your innovative AI-powered recruitment platform and was impressed by its potential to revolutionize hiring for the multi-collar workforce. I'd love to explore how your technology can support our recruitment efforts or discuss potential partnership opportunities. Could we schedule a call to discuss further?"
2026-03-29 23:40:24,gigin ai,linkedin,https://www.linkedin.com/posts/gigin-ai_we-started-gigin-with-a-vision-to-bridge-activity-7176241760388440064-MBfd,Gigin: A new HR innovation platform | gigin.ai posted on the,"Intent: Seeking Talent Acquisition and Partnerships
Reach-out: Dear Gigin Team, I came across your innovative HR platform, gigin.ai, and was impressed by your vision to bridge the gap between talent and opportunity. As a technical headhunter, I'd love to explore potential partnerships and discuss how we can collaborate to connect top talent with exciting job opportunities. Would you be open to a brief call to discuss further?"
2026-03-29 23:52:11,gigin ai,linkedin,https://www.linkedin.com/company/gigin-ai/,Gigin.ai - LinkedIn,"Intent: Promoting Hiring Software
Reach-out: Dear Hiring Manager, I came across Gigin.ai and was impressed by the AI-powered recruitment platform designed for recruiters and business owners. I'd like to learn more about how Gigin Recruiter can simplify the hiring process for the multi-collar workforce. Could we schedule a call to discuss the capabilities and benefits of your innovative software?"
2026-03-29 23:52:11,gigin ai,linkedin,https://www.linkedin.com/products/gigin-ai-gigin-recruiter/,Gigin Recruiter - LinkedIn,"Intent: Seeking Recruitment Solutions
Reach-out: Hi, I came across Gigin Recruiter on LinkedIn and was impressed by the AI-powered platform's potential to revolutionize recruitment for the multi-collar workforce. I'd love to explore how your innovative solution can simplify hiring processes for businesses and recruiters alike. Would you be open to discussing potential collaborations or sharing more about your platform's capabilities?"
2026-03-29 23:52:12,gigin ai,linkedin,https://www.linkedin.com/posts/gigin-ai_we-started-gigin-with-a-vision-to-bridge-activity-7176241760388440064-MBfd,Gigin: A new HR innovation platform | gigin.ai posted on the,"Intent: Promoting HR Innovation Platform
Reach-out: Dear Gigin Team, I came across your innovative HR platform, gigin.ai, and was impressed by your vision to bridge the gap between talent and opportunity. I'd love to learn more about your platform and explore potential collaboration opportunities to connect top talent with innovative companies. Could we schedule a call to discuss further?"
2026-03-30 13:31:48,hiring,github,https://github.com/avisha1233/hiring-frontend,avisha1233/hiring-frontend,"Intent: Hiring Frontend Developer
Reach-out: Dear avisha1233, I came across your hiring-frontend repository on GitHub and was impressed with the initial commit and the architecture outlined in the ARCHITECTURE.md file. I'd like to express my interest in the frontend developer position and discuss how my skills align with the project's requirements. Would you be open to a conversation about the opportunity and how I can contribute to the project's success?"
2026-03-30 13:31:58,hiring,github,https://github.com/zapplyjobs/New-Grad-Jobs-2026,zapplyjobs/New-Grad-Jobs-2026,"Intent: Hiring for New Grad Jobs
Reach-out: Dear Hiring Manager, I came across the New-Grad-Jobs-2026 repository on GitHub and was impressed by the extensive list of job opportunities for recent graduates. I am reaching out to express my interest in exploring potential job openings and to inquire about the application process. Could you please provide more information on the types of roles available and the required qualifications? I would appreciate any guidance on how to get started. Thank you for your time and consideration. Best regards, [Your Name]"
2026-03-30 13:32:06,hiring,github,https://github.com/zapplyjobs/New-Grad-Hardware-Engineering-Jobs-2026,zapplyjobs/New-Grad-Hardware-Engineering-Jobs-2026,"Intent: Hiring New Grad Hardware Engineers
Reach-out: Dear Hiring Manager, I came across the New-Grad-Hardware-Engineering-Jobs-2026 repository on GitHub and was impressed by the extensive list of job opportunities for new graduates in hardware engineering. I am a technical headhunter AI, and I would like to offer my assistance in connecting top talent with these exciting opportunities. Could we discuss potential collaboration options to help fill these roles with the best candidates? I look forward to hearing from you and exploring how we can work together to drive success in the hardware engineering field."
2026-03-30 13:45:14,hiring,linkedin,https://www.linkedin.com/jobs,"LinkedIn Job Search: Find US Jobs, Internships, Jobs Near Me","Intent: Seeking Job Opportunities/Networking
Reach-out: I came across your profile and noticed your interest in exploring new job opportunities. With 64% of job seekers getting hired through referrals, I'd like to connect and discuss how my network and expertise can help boost your chances of getting hired. Would you be open to a brief conversation about your career goals and how I can assist you in your job search?"
2026-03-30 13:45:14,hiring,linkedin,https://in.linkedin.com/jobs/jobs-in-delhi-india,"8,000+ Jobs in Delhi, India (180 new)","Intent: Hiring/Job Posting
Reach-out: Dear Hiring Manager, I came across the 8,000+ job openings in Delhi, India, and I'm excited to explore potential opportunities that match my skills and expertise. I'd appreciate the chance to discuss how my professional network and experience can contribute to the growth of your organization. Could we schedule a time to talk about the available positions and how I can leverage my abilities to drive success in your team?"
2026-03-30 13:45:15,hiring,linkedin,https://www.linkedin.com/company/linkedin/jobs,LinkedIn: Jobs | LinkedIn,"Intent: Networking
Reach-out: I came across LinkedIn's professional network and was impressed by the company's mission to connect the world's professionals. As a technical headhunter, I'd love to explore potential collaboration opportunities and learn more about the company's current projects and initiatives. Would you be open to a brief discussion about how we can support each other's goals?"
2026-03-30 13:45:16,hiring,linkedin,https://in.linkedin.com/jobs/companies-hiring-jobs,"34,000+ Companies Hiring jobs in India (738 new)","Intent: Hiring/Job Opportunities
Reach-out: Dear Hiring Manager, I came across the 34,000+ Companies Hiring jobs in India and was impressed by the vast array of opportunities available. I would love to explore potential job openings that match my skills and experience. Could we schedule a conversation to discuss how my expertise aligns with the current hiring needs of these companies? I look forward to hearing from you and learning more about the available positions."
2026-03-30 13:45:16,hiring,linkedin,https://in.linkedin.com/jobs,"LinkedIn Job Search: Find India Jobs, Internships, Jobs Near","Intent: Seeking Job Opportunities/Networking
Reach-out: I came across your profile and noticed your interest in exploring new job opportunities in India. With 64% of job seekers getting hired through referrals, I'd like to connect and discuss how my network can help boost your chances of getting hired. Would you be open to a brief conversation about your career goals and how I can assist you in your job search?"
2026-03-30 13:45:17,hiring,linkedin,https://in.linkedin.com/jobs/jobs-in-new-delhi,859 jobs in Delhi,"Intent: Seeking Job Opportunities
Reach-out: Dear Hiring Manager, I came across the 859 job openings in Delhi and I'm excited to explore potential opportunities that match my skills and experience. I'd appreciate the chance to discuss how my professional network and abilities can contribute to a role in New Delhi. Could we schedule a time to talk about the current job market and available positions?"
2026-03-30 13:45:17,hiring,linkedin,https://opportunity.linkedin.com/jobs,Looking for a job? | Find your next opportunity on LinkedIn,"Intent: Seeking Employment Opportunity
Reach-out: I came across your post about finding a new job opportunity on LinkedIn and wanted to reach out to see if you're open to exploring potential job openings that match your skills and interests. Could we schedule a time to discuss your career goals and see if I can assist you in finding your next role?"
2026-03-30 13:45:18,hiring,linkedin,https://in.linkedin.com/jobs/hiring-jobs,"43,000+ Hiring jobs in India (3,607 new) - LinkedIn India","Intent: Hiring Various Professionals
Reach-out: Dear Hiring Manager, I came across the 43,000+ hiring jobs in India listed on LinkedIn and was impressed by the vast array of opportunities available. As a technical headhunter, I'd like to offer my assistance in connecting top talent with these roles, streamlining your recruitment process and ensuring the best fit for your organization's needs. Would you be open to discussing how we can collaborate to fill these positions efficiently?"
2026-03-30 13:45:18,hiring,linkedin,https://www.linkedin.com/jobs/fresher-jobs-delhi-india/,"84 Fresher jobs in Delhi, India (11 new) - LinkedIn","Intent: Seeking Entry-Level Job Opportunities
Reach-out: Dear Hiring Manager, I came across the fresher job openings in Delhi, India, on LinkedIn and I'm excited to explore potential opportunities that match my skills and interests. I'd appreciate the chance to discuss how my abilities align with your company's requirements and learn more about your team's work. Could we schedule a conversation to further explore these opportunities?"
2026-03-30 13:45:19,hiring,linkedin,https://www.linkedin.com/talent/hire,LinkedIn Talent Solutions,"Intent: Hiring and Recruitment Services
Reach-out: I came across LinkedIn Talent Solutions and noticed that your platform connects over 30 million businesses with top talent. I'd love to explore how your services can help companies streamline their hiring process and find the best candidates for their teams. Would you be open to discussing potential partnerships or collaborations that could enhance your recruitment solutions?"
2026-03-30 14:27:24,hiring,reddit,https://www.reddit.com/r/hiring/,People hiring - Reddit,"Intent: Hiring and Recruitment Support
Reach-out: Dear Hiring Manager, I came across your posting on Reddit and was impressed by the opportunity to assist with hiring and vetting candidates, as well as onboarding new team members. With my expertise in recruitment and talent acquisition, I would be delighted to discuss how my skills can support your team's growth and success. Please let me know if we can schedule a time to talk further about this opportunity."
2026-03-30 14:27:25,hiring,reddit,https://www.reddit.com/r/WFHJobs/,WFHJobs - Reddit,"Intent: Seeking Remote Work Opportunities/Networking
Reach-out: Hello, I came across the WFHJobs community on Reddit and was impressed by the valuable resources and discussions shared. As a technical headhunter, I'm interested in exploring potential job opportunities that can be posted on your platform, and I'd love to connect with professionals who are looking for remote work arrangements. Would you be open to discussing how we can collaborate to bring more job opportunities to your community?"
2026-03-30 14:27:25,hiring,reddit,https://www.reddit.com/r/jobs/comments/15talcf/what_are_some_companies_that_will_hire_just_about/,What are some companies that will hire just about anyone?,"Intent: Seeking companies with lenient hiring policies
Reach-out: I came across your inquiry about companies that have a more open-door hiring approach, and I'd be happy to help you with that. As a technical headhunter, I have access to a wide range of job openings and company policies. If you're looking to explore opportunities with companies that have a history of considering candidates from diverse backgrounds, I'd be more than happy to provide you with a list of potential employers and discuss how your skills and experience might align with their needs. Would you like to schedule a call to discuss further?"
2026-03-30 14:27:26,hiring,reddit,https://www.reddit.com/r/RemoteJobs/comments/17zjpnp/im_looking_for_a_remote_job_are_these_sites/,I&#x27;m looking for a remote job. Are these sites safe/legi,"Intent: Seeking Remote Job Opportunities
Reach-out: Dear candidate, I came across your post on Reddit regarding your search for a legitimate remote job opportunity. I understand your concerns about the hiring process and would like to offer my assistance in finding a reputable remote position that aligns with your skills and experience. If you're interested, I'd be happy to discuss potential job openings and guide you through a secure and standard hiring process. Please feel free to share your resume and a brief introduction, and I'll be in touch to explore available opportunities."
2026-03-30 14:27:27,hiring,reddit,https://www.reddit.com/r/jobs/comments/1474597/jobs_that_will_actually_hire_you_with_no/,Jobs that will ACTUALLY hire you with no experience that are,"Intent: Seeking Entry-Level Job Opportunities
Reach-out: Dear Hiring Manager, I am excited to explore job opportunities that can provide a strong foundation for my career, even with little to no experience. I understand that competitive job markets can be challenging, but I am eager to learn and contribute to a team. Could you please share some insights on entry-level positions that are available in less competitive areas, and what skills or qualifications are most valued in those roles? I appreciate your time and look forward to hearing from you."
2026-03-30 14:27:27,hiring,reddit,https://www.reddit.com/r/jobs/comments/1963b4t/what_jobs_are_always_hiring_no_matter_what/,What jobs are always hiring no matter what? : r/jobs - Reddi,"Intent: Seeking Immediate Employment Opportunities
Reach-out: Dear Hiring Manager, I came across your post on Reddit's r/jobs community and understood that you're looking for immediate job opportunities. I'd like to offer my assistance in exploring various job openings that are always in demand, such as roles in healthcare, technology, and logistics, in addition to the ones you've mentioned like McDonald's, Dunkin', and Amazon. If you're open to discussing further, I can provide you with a list of companies and positions that are currently hiring and may be a good fit for your skills and experience. Please let me know if you'd like to schedule a call to discuss your job search and explore available options."
2026-03-30 14:27:28,hiring,reddit,https://www.reddit.com/r/hiringcafe/,hiringcafe - Reddit,"Intent: Hiring Software Engineer/ AI Model Developer
Reach-out: Dear HiringCafe Team, I came across your post on Reddit and was impressed by your efforts to enhance your AI model with the help of a Stanford University expert. I'd love to explore potential opportunities for skilled software engineers or AI model developers to join your team and contribute to your innovative projects. Could we schedule a call to discuss your current hiring needs and how I can assist you in finding the best talent?"
2026-03-30 14:27:29,hiring,reddit,https://www.reddit.com/r/usajobs/comments/1bfvr7z/insight_from_a_hiring_manager/,Insight from a hiring manager... : r/usajobs - Reddit,"Intent: Hiring Manager Sharing Insights for USA Jobs
Reach-out: Dear Hiring Manager, I came across your insightful post on Reddit's r/usajobs, where you shared valuable information about the hiring process. I would appreciate the opportunity to discuss how my skills and experience align with the requirements of the positions you are hiring for. Could we schedule a time to talk more about the current openings and what you look for in a candidate? I am excited about the possibility of contributing to your team and learning more about your hiring process. Thank you for considering my request."
2026-03-30 14:27:29,hiring,reddit,https://www.reddit.com/r/jobsearchhacks/,Job Search Hacks - Reddit,"Intent: Seeking Job Search Advice and Strategies
Reach-out: Dear Hiring Professional, I came across your post on 'Job Search Hacks' and was impressed by the creative approaches to standing out in a competitive job market. As a technical headhunter, I'd love to discuss how my expertise can help job seekers leverage these strategies to land their ideal role. Would you be open to exploring ways we can collaborate and support each other's efforts in the job search community?"
2026-03-30 14:27:30,hiring,reddit,https://www.reddit.com/r/remoteworking/,Remote Working - Reddit,"Intent: Networking/Community Building
Reach-out: I came across the remote working community on Reddit and was impressed by the valuable discussions and resources being shared. As a technical headhunter, I'd like to explore potential opportunities to connect remote workers with exciting job openings and contribute to the community's growth. Would you be open to discussing how we can collaborate and support each other's goals?"
2026-03-30 14:40:28,HR hiring in usa,reddit,https://www.reddit.com/r/humanresources/comments/15jephr/whats_going_on_with_the_hr_job_market_right_now/,What&#x27;s going on with the HR job market right now? - Red,"Intent: Seeking Career Advice/Networking
Reach-out: Hello, I came across your post on the HR subreddit and noticed your interest in discussing the current HR job market. As a technical headhunter, I'd be happy to offer my expertise and insights on the latest trends and opportunities in the field. Would you be open to a brief conversation to explore how I can assist you in your career journey or provide guidance on navigating the current job market?"
2026-03-30 14:40:29,HR hiring in usa,reddit,https://www.reddit.com/r/usajobs/comments/1bfvr7z/insight_from_a_hiring_manager/,Insight from a hiring manager... : r/usajobs - Reddit,"Intent: Seeking insight into the hiring process for USA jobs
Reach-out: Dear Hiring Manager, I came across your post on Reddit and appreciated your candor about the hiring process. As someone interested in navigating the USA jobs landscape, I would love to learn more about your experiences and any advice you might have for applicants. Would you be open to a brief conversation about what you look for in a candidate and any tips you can share for standing out in the application process?"
2026-03-30 14:40:30,HR hiring in usa,reddit,https://www.reddit.com/r/usajobs/comments/rytuck/human_resource_specialist_jobs/,Human Resource Specialist Jobs - : r/usajobs - Reddit,"Intent: Seeking Employment Opportunity
Reach-out: Dear HR Specialist, I came across your post on Reddit and was impressed by your extensive background in Human Resources, spanning 15 years with specializations in HR Training & Development, HR for Public Administration, and HR Management. I'd like to explore potential job opportunities that align with your skills and experience. Could you please share your current job search preferences and what type of role you're looking for? I'd be more than happy to assist you in finding a suitable position."
2026-03-30 14:40:30,HR hiring in usa,reddit,https://www.reddit.com/r/usajobs/comments/uvfmp3/whats_it_like_working_in_hr/,What&#x27;s it like working in HR? : r/usajobs - Reddit,"Intent: Seeking Information/Advice on HR Career
Reach-out: Dear HR Professional, I came across your insightful comments on the Reddit thread 'What's it like working in HR?' and was impressed by your expertise in Federal HR. I'd love to learn more about your experiences and gain a deeper understanding of the field, particularly regarding the unique laws and regulations that govern Federal employment. Would you be open to a brief conversation to share your perspectives and advice on a career in HR?"
2026-03-30 14:40:31,HR hiring in usa,reddit,https://www.reddit.com/r/usajobs/comments/w9322c/hr_jobs/,HR jobs : r/usajobs - Reddit,"Intent: Hiring HR Specialists
Reach-out: Dear Hiring Manager, I came across your post on Reddit regarding HR job opportunities in the federal government. With your requirements in mind, I'd like to offer my assistance in finding top talent, including HR Specialists, Retired Personal Officers, and Private Sector Specialists with substantial experience. I'd be happy to discuss how my recruitment services can support your hiring needs. Please let me know if you're interested in exploring further. Best regards, [Your Name]"
2026-03-30 14:40:32,HR hiring in usa,reddit,https://www.reddit.com/r/usajobs/wiki/guide/,USA Jobs - For those interested in the federal workplace - R,"Intent: Seeking Information on Federal Job Opportunities
Reach-out: Dear Hiring Manager, I came across the USA Jobs discussion on Reddit and am interested in learning more about the competitive hiring process for federal job opportunities. Could you provide more information on the current openings and the requirements for each position? I would appreciate any guidance on how to navigate the application process and what skills are in high demand. Thank you for your time and consideration."
2026-03-30 14:40:33,HR hiring in usa,reddit,https://www.reddit.com/r/humanresources/comments/wv0it4/working_hr_professional_from_india_looking/,Working HR professional from India looking forward to settli,"Intent: Seeking Career Advice/Relocation Opportunities
Reach-out: Hello, I came across your post on the HR subreddit and noticed your interest in settling in the USA. As a technical headhunter, I'd be happy to help you explore potential job opportunities in the US that align with your HR experience. Would you be open to discussing your career goals and how I can assist you in your relocation efforts? I'd love to learn more about your background and provide guidance on the current job market in the US."
2026-03-30 14:40:34,HR hiring in usa,reddit,https://www.reddit.com/r/humanresources/comments/107pjb2/what_is_the_hr_industry_like_in_texas_usa/,What is the HR industry like in Texas [USA]? - Reddit,"Intent: Seeking HR job opportunities or information about the HR industry in Texas.
Reach-out: Dear [Name], I came across your post on Reddit regarding the HR industry in Texas and was impressed by your insight into the job market, particularly in major cities and construction-related fields. As a technical headhunter, I'd like to offer my expertise in connecting professionals with promising opportunities. If you're open to exploring new roles or would like more information about the current state of the HR industry in Texas, I'd be more than happy to discuss this further with you. Please let me know if you're interested, and we can schedule a convenient time to talk. Best regards, [Your Name]."
2026-03-30 14:40:35,HR hiring in usa,reddit,https://www.reddit.com/r/humanresources/comments/7kgjvr/hr_jobs_in_usa/,Hr jobs in USA : r/humanresources - Reddit,"Intent: Seeking Career Advice/Networking
Reach-out: Hello, I came across the r/humanresources community on Reddit and noticed your involvement in discussions related to HR careers. As a technical headhunter, I'd like to offer my expertise and resources to support your professional growth. Whether you're exploring new opportunities or seeking advice on HR-related topics, I'm here to help. Would you be open to a brief conversation to discuss your career aspirations and see how I can assist you in achieving your goals?"
2026-03-30 14:40:35,HR hiring in usa,reddit,https://www.reddit.com/r/AMA/comments/fwz3cu/i_work_in_hiring_and_hr_in_the_usa_ama/,"I work in Hiring and HR in the USA, AMA : r/AMA - Reddit","Intent: Networking and Information Sharing
Reach-out: Hi, I came across your AMA on Reddit and was impressed by your experience in Hiring and HR. As someone who works in recruitment and hiring, I'd love to learn more about your day-to-day challenges and successes. Would you be open to a brief discussion about the current hiring landscape and any innovative strategies you've implemented in your role? I'm always looking to expand my network and gain insights from professionals like yourself."
2026-03-30 15:03:39,hiring,X,https://twitter.com/HCSOSheriff/status/1651753049835094018,We&#x27;re hiring‼️ Join us Saturday and expedite the hiring,"Intent: No specific intent can be determined due to lack of input data.
Reach-out: I'm excited to connect with you, but I didn't receive any information about your background or interests. Could you please share a bit about yourself and what you're looking for, whether it's a new opportunity, seeking advice, or just wanting to expand your professional network? I'm here to help and look forward to hearing from you."
2026-03-30 15:03:47,hiring,X,https://twitter.com/AssabetValley,Assabet Valley (@AssabetValley) / Twitter,"Intent: Seeking Information or Networking
Reach-out: I came across your profile and noticed that you're active in the community. I'd love to learn more about your professional interests and see if we can help you achieve your career goals. Are you currently looking for new opportunities or open to exploring what's available in the market?"
2026-03-30 15:03:56,hiring,X,https://twitter.com/NoBrakesGames/status/1519717759004913665,No Brakes Games on Twitter,"Intent: No specific intent can be determined due to lack of input data.
Reach-out: I'm excited to connect with you, but I didn't receive any information about your background or interests. Could you please share a bit about yourself and what you're looking for, whether it's a new opportunity, networking, or something else? I'm here to help and look forward to hearing from you."
2026-03-30 15:04:03,hiring,X,https://twitter.com/DeeRedHelm,Dee Helm | actually its gay every month (@DeeRedHelm) / Twit,"Intent: No specific intent can be determined due to lack of input data.
Reach-out: I'm excited to connect with you, but I don't have enough information to tailor a message. Could you please share a bit about yourself and what you're looking for, whether it's a new opportunity, seeking advice, or just wanting to expand your professional network? I'm here to help."
2026-03-30 15:04:12,hiring,X,https://twitter.com/MCPS/status/1615413048377806862,We are Hiring! The Watkins Mill cluster is having a job fair,"Intent: No specific intent can be determined due to lack of input data.
Reach-out: I'm excited to connect with you, but I'd love to learn more about your current goals and aspirations. Could you please share a bit about what brings you here today, whether it's exploring new opportunities, seeking advice, or simply looking to expand your professional network? I'm here to listen and help in any way I can."
2026-03-30 15:04:20,hiring,X,https://twitter.com/acsmcareers,ACSM Career Center (@ACSMcareers) / Twitter,"Intent: No specific intent can be determined due to lack of input data.
Reach-out: I'm excited to connect with you, but I don't have enough information to tailor a message. Could you please share a bit about yourself and what you're looking for, whether it's a new opportunity, seeking advice, or just wanting to expand your professional network? I'm here to help and look forward to hearing from you."
2026-03-30 16:12:59,hiring,X,https://twitter.com/HCSOSheriff/status/1651753049835094018,We&#x27;re hiring‼️ Join us Saturday and expedite the hiring,"Intent: Seeking Job Updates or Opportunities
Reach-out: Dear [Name], I came across your profile and noticed your interest in exploring new opportunities. I'd like to introduce myself as a technical headhunter, connecting top talent with innovative companies. If you're open to discussing potential job openings or would like to stay updated on the latest industry trends, I'd be more than happy to help. Please feel free to share your current interests and aspirations, and I'll do my best to provide you with relevant and exciting opportunities."
2026-03-30 16:13:14,hiring,X,https://twitter.com/NoBrakesGames/status/1519717759004913665,No Brakes Games on Twitter,"Intent: No specific intent can be determined due to lack of input data.
Reach-out: I'm excited to connect with you, but I don't have enough information about your background or interests. Could you please share a bit about yourself and what you're looking for, whether it's a new opportunity, seeking advice, or just wanting to expand your professional network? I'm here to help and look forward to hearing from you."
2026-03-30 16:13:25,hiring,X,https://twitter.com/DeeRedHelm,Dee Helm | actually its gay every month (@DeeRedHelm) / Twit,"Intent: No specific intent can be determined due to lack of input data.
Reach-out: I'm a technical headhunter AI, and I'd be happy to assist you with your career or recruitment needs. Could you please provide more information about yourself or the opportunity you're looking for, so I can better understand how to help you?"
2026-03-30 16:13:33,hiring,X,https://twitter.com/AssabetValley,Assabet Valley (@AssabetValley) / Twitter,"Intent: Seeking Information
Reach-out: I came across your profile and noticed it's incomplete. Could you please provide more details about your background and what you're looking for, so I can better understand how I can assist you in your career or hiring needs?"
2026-03-30 16:13:41,hiring,X,https://twitter.com/gee_lana,On A Mission For A New Position (@Gee_Lana) / Twitter,"Intent: Seeking Information or Networking
Reach-out: I came across your profile and noticed that you're active in the community. I'd love to learn more about your interests and experiences. Are you currently looking for new opportunities or open to exploring potential collaborations? I'm here to help and look forward to connecting with you."
2026-03-30 16:13:49,hiring,X,https://twitter.com/MCPS/status/1615413048377806862,We are Hiring! The Watkins Mill cluster is having a job fair,"Intent: No specific intent
Reach-out: Hello, I'm a technical headhunter AI. I'd be happy to assist you with any technical recruitment or career development needs. Could you please provide more information about how I can help you today?"
2026-03-30 16:13:53,hiring,X,https://ads.twitter.com/mobile/v1/get_started,Twitter Ads,"Intent: Seeking Advertising Services
Reach-out: I came across Twitter Ads and was impressed by its potential to help businesses connect with hundreds of millions of users. I'd love to explore how Twitter Ads can help your company achieve its marketing goals and discuss ways to maximize your online presence. Would you be open to a brief call to discuss further?"
2026-03-30 16:14:00,hiring,X,https://twitter.com/RedEngineCoffee,RedEngineCoffee - Twitter,"Intent: Seeking New Account Creation/Registration
Reach-out: I noticed you're considering creating an account on X. As a technical headhunter, I'd like to introduce myself and explore potential opportunities that may align with your interests and skills. Would you be open to discussing how I can assist you in your career or networking endeavors once you've signed up?"
2026-03-30 16:14:09,hiring,X,https://twitter.com/SparkUniverse/status/1518618517981044737,"Spark Universe on Twitter: "" We&#x27;re hiring! Help us desi","Intent: No specific intent can be determined due to lack of input data.
Reach-out: I'm a technical headhunter AI, and I'd be happy to assist you with your career or recruitment needs. Could you please provide more information about yourself or the opportunity you're looking for, so I can better understand how to help you?"
2026-03-30 17:21:52,react jobs,stackoverflow,https://stackoverflow.com/jobs/companies?tl=react,Companies hiring React Developers - Stack Overflow,"Intent: Seeking Employment/Exploring Company Information
Reach-out: I am excited to learn more about the tech stack and company culture at your organization, and I would appreciate the opportunity to discuss how my skills and experience align with your team's needs. Could we schedule a time to talk about potential opportunities and what it's like to work at your company?"
2026-03-30 17:21:57,react jobs,stackoverflow,https://stackoverflow.com/jobs/companies,Best Companies Hiring Developers - Stack Overflow,"Intent: Seeking job opportunities or exploring companies for potential employment
Reach-out: I am excited to connect with innovative companies and explore potential job opportunities that align with my technical skills and interests. I would appreciate the chance to discuss how my expertise can contribute to a company's success and learn more about their tech stack and company culture."
2026-03-30 17:22:05,react jobs,stackoverflow,https://stackoverflow.com/jobs/companies?tl=react-native,Companies hiring React-Native Developers - Stack Overflow,"Intent: Seeking job opportunities or exploring companies
Reach-out: I'm interested in learning more about the tech industry and potential job openings at innovative companies like the ones featured on this platform. Could you provide more information on the current opportunities available or share insights on what it's like to work at these companies?"
2026-03-30 18:56:52,hiring,x,https://twitter.com/HCSOSheriff/status/1651753049835094018,We&#x27;re hiring‼️ Join us Saturday and expedite the hiring,"Intent: Hiring 
Reach-out: Dear Hiring Manager, I came across your recent Twitter post regarding the hiring event on Saturday and was impressed by the comprehensive benefits package you're offering, including signing bonuses, paid training, and free medical options. I am excited about the opportunity to join your team and would like to express my interest in the position. Could you please provide more details about the role, required qualifications, and the fitness tests and medical exam that will be conducted on Saturday? I look forward to hearing from you and discussing how my skills and experience align with your team's needs."
2026-03-30 18:56:53,hiring,x,https://twitter.com/NoBrakesGames/status/1519717759004913665,No Brakes Games on Twitter,"Intent: Hiring Game Development Professionals
Reach-out: Dear No Brakes Games Team, I came across your exciting job openings for an Audio Designer and Graphics Programmer on Twitter. I'd love to learn more about the opportunities and the innovative project you're working on. Could you please share more details about the roles, the ideal candidate profiles, and what makes this project unique? I'm eager to connect you with top talent in the game development industry. Looking forward to hearing from you and exploring how I can assist in finding the perfect fit for your team."
2026-03-30 18:56:53,hiring,x,https://twitter.com/acsmcareers,ACSM Career Center (@ACSMcareers) / Twitter,"Intent: Providing Career Resources and Job Postings
Reach-out: Dear ACSM Career Center Team, I came across your Twitter profile and was impressed by the valuable resources and job postings you offer to professionals in the sports medicine and exercise science field. I'd like to explore potential collaboration opportunities or learn more about the types of career resources you provide. Could we schedule a call to discuss further?"
2026-03-30 18:56:54,hiring,x,https://twitter.com/DeeRedHelm,Dee Helm | actually its gay every month (@DeeRedHelm) / Twit,"Intent: Hiring Animators
Reach-out: Dear Dee Helm, I came across your tweet about hiring animators and I'm excited to learn more about the opportunity. Could you please share more details about the position, such as the type of animation, required experience, and what your team is looking for in a candidate? I'd be happy to help spread the word or connect you with talented animators who might be a good fit. Looking forward to hearing from you."
2026-03-30 18:56:55,hiring,x,https://twitter.com/ReisserLtd,@Reisser (@ReisserLtd) / Twitter,"Intent: Seeking Suppliers or Partnerships
Reach-out: Dear Reisser Team, I came across your company on Twitter and was impressed by your high-quality woodscrews and power tool accessories. As a technical headhunter, I'd like to explore potential opportunities for collaboration or supplier partnerships that could benefit your professional trade clients. Would you be open to discussing further how we can work together to drive growth and innovation in the industry?"
2026-03-30 18:56:55,hiring,x,https://ads.twitter.com/mobile/v1/get_started,Twitter Ads,"Intent: Seeking Advertising or Marketing Opportunities
Reach-out: I came across Twitter Ads and was impressed by its potential to connect with hundreds of millions of users. I'd love to explore how your expertise can help businesses achieve meaningful results through targeted advertising on the platform. Are you available for a brief discussion to learn more about your work and potential collaboration opportunities?"
2026-03-30 18:56:56,hiring,x,https://twitter.com/spectrum_search,Spectrum Search (@spectrum_search) / Twitter,"Intent: Networking/Hiring for Web3 and Blockchain roles
Reach-out: ""Hello Spectrum Search team, I came across your Twitter profile and was impressed by your mission to build the largest and most transparent blockchain community. I'd love to explore potential collaboration opportunities and learn more about the innovative work you're doing in the Web3 space. Would you be open to a brief discussion about your current projects and talent needs?"""
2026-03-30 18:56:56,hiring,x,https://ads.twitter.com/ads-repository,Ads repository - Twitter,"Intent: Seeking Advertising Solutions or Expertise
Reach-out: I came across Twitter's Ads repository and was impressed by the insights and tools available to enhance advertising campaigns. I'd love to connect with someone who can provide more information on how to leverage these resources to achieve impactful results. Would you be open to a discussion on how to optimize advertising strategies using Twitter's Ads repository?"
2026-03-30 18:56:57,hiring,x,https://api.twitter.com/oauth/authenticate,Twitter,"Intent: Seeking Information or Networking
Reach-out: I came across your interest in Twitter and wanted to explore potential opportunities or discussions related to the platform. Would you be open to a conversation about how Twitter is being utilized in your current role or projects, and whether there are any synergies or collaborations we could explore?"
2026-03-30 18:56:58,hiring,x,https://twitter.com/gee_lana,On A Mission For A New Position (@Gee_Lana) / Twitter,"Intent: Seeking Advice/Improvement for Hiring Processes
Reach-out: Hi Gee_Lana, I came across your tweet about optimizing interview time and ensuring candidates have a meaningful experience. As a technical headhunter, I'm always looking to improve hiring processes. Would you be open to discussing your thoughts on effective interview techniques and how to create a better experience for candidates? I'd love to learn from your insights and explore ways to enhance our hiring strategies."
2026-04-01 09:11:28,hiring,linkedin,https://www.linkedin.com/jobs,"LinkedIn Job Search: Find US Jobs, Internships, Jobs Near Me","Intent: Seeking Job Opportunities/Networking
Reach-out: I came across your profile and was impressed with your background. As someone who is likely looking to leverage their professional network for new opportunities, I wanted to reach out and explore potential job openings that may be a good fit for you. With 64% of job seekers getting hired through referrals, I'd love to discuss how we can work together to boost your chances of getting hired through people you know. Would you be open to a brief conversation about your career goals and how I can assist you in achieving them?"
2026-04-01 09:11:28,hiring,linkedin,https://www.linkedin.com/jobs/companies-currently-hiring-jobs,"3,978,000+ Companies Currently Hiring jobs in United States","Intent: Seeking Job Opportunities
Reach-out: I am excited to explore the numerous job opportunities available in the United States, with over 3,978,000 companies currently hiring. I would appreciate the chance to discuss how my skills and experience align with the needs of these companies, and I look forward to potentially connecting with key decision-makers to learn more about their current openings."
2026-04-01 09:11:29,hiring,linkedin,https://www.linkedin.com/company/linkedin/jobs,LinkedIn: Jobs | LinkedIn,"Intent: Networking
Reach-out: I came across LinkedIn's impressive presence with over 33 million followers and was intrigued by the company's mission to connect professionals worldwide. As a technical headhunter, I'd love to explore potential collaboration opportunities and learn more about the innovative work being done at LinkedIn. Would you be open to a brief discussion on how we can support each other's goals?"
2026-04-01 09:11:29,hiring,linkedin,https://www.linkedin.com/jobs/hiring-immediately!-jobs,"161,000+Hiring Immediately! Jobs in United States (7,602 new","Intent: Hiring Immediately for Various Positions
Reach-out: Dear Hiring Manager, I came across the 161,000+ immediate hiring opportunities in the United States and I'm excited to explore potential matches for top talent. Could we discuss how my expertise in technical headhunting can assist in filling these positions quickly and efficiently? I look forward to the opportunity to collaborate and support your hiring needs."
2026-04-01 09:11:30,hiring,linkedin,https://in.linkedin.com/jobs/hiring-jobs,"43,000+ Hiring jobs in India (3,607 new) - LinkedIn India","Intent: Hiring Various Professionals
Reach-out: Dear Hiring Manager, I came across the 43,000+ hiring jobs in India listed on LinkedIn and was impressed by the diverse range of opportunities available. I'd like to express my interest in exploring potential candidates for these roles and discuss how my network can assist in finding the best fit for your organization. Please let me know if we can schedule a call to further discuss your hiring needs."
2026-04-01 09:11:31,hiring,linkedin,https://www.linkedin.com/talent/hire,LinkedIn Talent Solutions,"Intent: Hiring and Recruitment Services
Reach-out: I came across LinkedIn Talent Solutions and noticed that your platform connects over 30 million businesses with top talent. I'd like to explore how your services can support our company's hiring needs and discuss potential partnerships that can help us find the best candidates for our open positions. Would you be available for a brief consultation to discuss further?"
2026-04-01 09:11:31,hiring,linkedin,https://opportunity.linkedin.com/jobs,Looking for a job? | Find your next opportunity on LinkedIn,"Intent: Seeking Employment Opportunities
Reach-out: Dear Hiring Manager, I came across your platform and was impressed by the variety of job opportunities available. I am excited to explore potential openings that match my skills and experience. Could you please share more information about the current job market and any available positions that might be a good fit for me? I would appreciate any guidance or advice you can offer in my job search. Thank you for your time and consideration."
2026-04-01 09:11:32,hiring,linkedin,https://business.linkedin.com/hire/hiring-pro,LinkedIn Hiring Pro | Hiring Software for Small Businesses,"Intent: Hiring Software for Small Businesses
Reach-out: I came across LinkedIn Hiring Pro and was impressed with its capabilities in streamlining the hiring process for small businesses. As a technical headhunter, I'd love to explore how your platform can support my clients in finding the right talent efficiently. Would you be open to a brief discussion on how we can collaborate to drive hiring success for small businesses?"
2026-04-01 09:11:33,hiring,linkedin,https://www.linkedin.com/jobs/linkedin-jobs,"110,000+ Linkedin jobs in United States (8,867 new)","Intent: Hiring/Job Posting
Reach-out: I came across the extensive list of over 110,000 job opportunities on LinkedIn in the United States, with nearly 9,000 new positions added. I'd be happy to discuss how my skills and expertise can align with the current job market demands. Could we schedule a time to explore potential matches and opportunities?"
2026-04-01 09:28:37,hiring issues in recruitment process,stackoverflow,https://meta.stackoverflow.com/questions/415293/sunsetting-jobs-developer-story,Sunsetting Jobs & Developer Story - Meta Stack Overflow,"Intent: Notifying users about the sunsetting of Jobs and Developer Story on Meta Stack Overflow
Reach-out: Dear valued user, I wanted to personally reach out to you regarding the recent announcement about the sunsetting of Jobs and Developer Story on Meta Stack Overflow. As someone who has utilized these features, I appreciate the trust you've placed in our platform and would like to express my gratitude for your participation over the years. If you have any questions or concerns about this change, please don't hesitate to reach out to me directly."
2026-04-01 09:28:38,hiring issues in recruitment process,stackoverflow,https://stackoverflow.com/questions/67698176/error-loading-webview-error-could-not-register-service-workers-typeerror-fai,Error loading webview: Error: Could not register service wor,"Intent: Seeking Technical Support/Debugging Assistance
Reach-out: Dear Developer, I came across your snippet regarding the ""Error loading webview"" issue in VSCode and your suggested solution of closing and reopening the application. I'd love to discuss further and explore potential collaborations or offer assistance with similar technical challenges. Would you be open to a brief conversation about your experience with debugging and troubleshooting in VSCode?"
2026-04-01 09:28:39,hiring issues in recruitment process,stackoverflow,https://stackoverflow.com/questions/44426538/postman-socket-hang-up,Postman : socket hang up - Stack Overflow,"Intent: Seeking Technical Assistance or Troubleshooting
Reach-out: I came across your post on Stack Overflow regarding the 'socket hang up' issue in Postman. I'd be happy to help you troubleshoot or provide guidance on resolving this issue. Could you please share more details about your Postman collection and the variables you're using? I'm here to assist you in finding a solution to ensure your requests run smoothly."
2026-04-01 09:28:39,hiring issues in recruitment process,stackoverflow,https://stackoverflow.com/questions/55188544/how-to-workaround-error-tokenizing-data,"How to workaround ""error tokenizing data"" - Stack Overflow","Intent: Seeking Technical Assistance or Troubleshooting
Reach-out: Dear [Name], I came across your question on Stack Overflow regarding the ""error tokenizing data"" issue and noticed that you haven't found a satisfactory solution yet. I'd be happy to help you troubleshoot or provide guidance on potential workarounds. Could you please share more details about your project and the specific challenges you're facing? I'm here to assist you in resolving this issue."
2026-04-01 09:28:40,hiring issues in recruitment process,stackoverflow,https://stackoverflow.com/questions/5970889/why-does-git-revert-complain-about-a-missing-m-option,Why does git revert complain about a missing -m option?,"Intent: Seeking Technical Assistance or Troubleshooting
Reach-out: Dear Developer, I came across your query regarding the git revert command complaining about a missing -m option. I'd be happy to help you troubleshoot this issue. Could you provide more details about your Git workflow and the exact error message you're seeing? I'm here to assist you in resolving this problem and getting your project back on track."
2026-04-01 09:28:40,hiring issues in recruitment process,stackoverflow,https://stackoverflow.com/questions/7336802/how-to-avoid-circular-imports-in-python,How to avoid circular imports in Python? - Stack Overflow,"Intent: Seeking Technical Advice or Solution
Reach-out: Dear Developer, I came across your query on Stack Overflow regarding avoiding circular imports in Python. I'd be happy to help you find a solution or connect you with an expert who can provide guidance on this topic. Are you working on a project where you're experiencing this issue, or would you like some general advice on how to structure your code to avoid circular imports?"
2026-04-01 09:28:41,hiring issues in recruitment process,stackoverflow,https://stackoverflow.com/questions/365489/questions-every-good-net-developer-should-be-able-to-answer,Questions every good .NET developer should be able to answer,"Intent: Hiring Software Engineer
Reach-out: Dear Hiring Manager, I came across your post regarding compiling a list of questions for hiring .NET developers and I'd be happy to assist you in creating a comprehensive catalog. With expertise in various .NET platforms such as ASP.NET, Compact Framework, Windows Forms, and Web Services, I can provide you with a curated set of questions to help you identify top talent for your company. Would you like to discuss this further and explore how I can support your hiring process?"
2026-04-01 09:28:42,hiring issues in recruitment process,stackoverflow,https://stackoverflow.com/questions/62336340/cannot-update-a-component-while-rendering-a-different-component-warning,javascript - Cannot update a component while rendering a dif,"Intent: Seeking Technical Assistance or Hiring a Software Engineer
Reach-out: ""Hello, I came across your question regarding the React warning 'Cannot update a component while rendering a different component.' I understand how frustrating JavaScript errors can be. If you're looking for expert assistance in resolving this issue or are in need of a skilled software engineer to collaborate on your project, I'd be more than happy to help. Please let me know how I can assist you further."""
2026-04-01 09:28:42,hiring issues in recruitment process,stackoverflow,https://stackoverflow.com/questions/31211506/how-stuff-and-for-xml-path-work-in-sql-server,How Stuff and &#x27;For Xml Path&#x27; work in SQL Server? -,"Intent: Seeking Technical Information or Troubleshooting
Reach-out: I noticed your inquiry about how 'Stuff' and 'For Xml Path' work in SQL Server on Stack Overflow. I'd be happy to help you understand these concepts or provide additional resources if needed. Are you working on a project that involves complex data manipulation or XML handling in SQL Server? I'm here to offer guidance or point you in the right direction."
2026-04-01 09:28:43,hiring issues in recruitment process,stackoverflow,https://stackoverflow.com/questions/8167610/how-do-i-attach-visual-studio-to-a-process-that-is-not-started-yet,How do I attach Visual Studio to a process that is not start,"Intent: Seeking Technical Assistance or Hiring Software Engineer
Reach-out: Dear Developer, I came across your inquiry about attaching Visual Studio to a process that hasn't started yet. I understand that you're looking for a solution that doesn't rely on a PID, but rather on a specific process name or another viable approach. Our team of experts has extensive experience in Visual Studio and process management. If you're looking for guidance or need a skilled professional to collaborate with, I'd be happy to connect you with our network of talented software engineers who can provide the assistance you need. Please let me know how we can help."
2026-04-01 15:11:40,hiring ,linkedin,https://www.linkedin.com/jobs,"LinkedIn Job Search: Find US Jobs, Internships, Jobs Near Me","Intent: Seeking Job Opportunities through Referrals
Reach-out: I came across your profile and noticed your interest in exploring new career opportunities. With 64% of job seekers getting hired through referrals, I'd like to connect and discuss how my network and expertise can help boost your chances of getting hired through people you know. Let's connect and explore potential job openings that align with your skills and interests."
2026-04-01 15:11:41,hiring ,linkedin,https://www.linkedin.com/jobs/hiring-immediately!-jobs,"161,000+Hiring Immediately! Jobs in United States (7,602 new","Intent: Hiring Immediately for Various Positions
Reach-out: Dear Hiring Manager, I came across the 161,000+ immediate hiring opportunities in the United States and I'm excited to explore potential matches for top talent. I'd love to discuss how my network and expertise can support your urgent hiring needs. Please let's connect to explore further."
2026-04-01 15:11:41,hiring ,linkedin,https://www.linkedin.com/company/linkedin/jobs,LinkedIn: Jobs | LinkedIn,"Intent: Networking
Reach-out: Dear LinkedIn Team, I came across your company profile and was impressed by the vast network of professionals you've connected since 2003. With over 1 billion members, your platform has revolutionized the way professionals interact and find opportunities. I'd love to explore potential collaborations or discuss how your platform can help me connect with top talent in the industry. Looking forward to hearing from you."
2026-04-01 15:11:42,hiring ,linkedin,https://www.linkedin.com/jobs/linkedin-jobs,"110,000+ Linkedin jobs in United States (8,867 new)","Intent: Hiring/Job Posting
Reach-out: I came across the extensive list of over 110,000 LinkedIn job openings in the United States, with nearly 9,000 new positions added. I'd like to explore potential candidates who might be a great fit for these roles. Could you please share more details about the types of positions you're looking to fill, or would you like me to recommend some top talent from my network?"
2026-04-01 15:11:43,hiring ,linkedin,https://www.linkedin.com/jobs/companies-currently-hiring-jobs,"3,978,000+ Companies Currently Hiring jobs in United States","Intent: Hiring and Job Searching
Reach-out: Dear Hiring Manager, I came across the extensive list of 3,978,000+ companies currently hiring in the United States and I'm excited to explore potential job opportunities that match my skills and experience. I'd appreciate the chance to discuss how my professional background can contribute to a company's success. Please let's connect to explore further possibilities."
2026-04-01 15:11:44,hiring ,linkedin,https://opportunity.linkedin.com/jobs,Looking for a job? | Find your next opportunity on LinkedIn,"Intent: Seeking Employment Opportunity
Reach-out: Dear Hiring Manager, I came across your platform and noticed the various job opportunities available. I am excited to explore potential openings that match my skills and experience. Could we discuss how my expertise aligns with your current or future job openings? I would appreciate any guidance on the best way to proceed with my job search on your platform."
2026-04-01 15:11:45,hiring ,linkedin,https://www.linkedin.com/talent/hire,LinkedIn Talent Solutions,"Intent: Hiring and Recruitment Services
Reach-out: I came across LinkedIn Talent Solutions and noticed that your company is utilizing the platform to connect with top professionals. I'd love to discuss how my expertise in technical recruitment can support your hiring needs and help you find the best talent for your team. Would you be open to a brief conversation to explore potential collaboration opportunities?"
2026-04-01 15:11:45,hiring ,linkedin,https://in.linkedin.com/jobs/hiring-jobs,"43,000+ Hiring jobs in India (3,607 new) - LinkedIn India","Intent: Hiring Various Professionals
Reach-out: Dear Hiring Manager, I came across the 43,000+ hiring jobs in India listed on LinkedIn and was impressed by the diverse range of opportunities available. I'd like to express my interest in exploring potential candidates for these positions and discuss how my network can contribute to filling these roles. Could we schedule a call to further discuss the hiring requirements and how I can assist in finding the right talent?"
2026-04-01 15:11:46,hiring ,linkedin,https://business.linkedin.com/hire/post-jobs,Post a Job on LinkedIn | Hiring on LinkedIn,"Intent: Hiring
Reach-out: I came across your job posting on LinkedIn and was impressed by the opportunity to connect with top talent. I'd like to offer my assistance in finding the perfect candidate for your role, leveraging my expertise in technical recruitment and access to a vast network of professionals. Would you be open to discussing how I can support your hiring efforts and help you find the ideal candidate?"
2026-04-01 16:39:48,hiring issues in recruitment process,stackoverflow,https://meta.stackoverflow.com/questions/415293/sunsetting-jobs-developer-story,Sunsetting Jobs & Developer Story - Meta Stack Overflow,"Intent: Notifying users about the sunsetting of Jobs and Developer Story on Meta Stack Overflow
Reach-out: Dear valued user, I wanted to personally reach out to you regarding the recent announcement about the sunsetting of Jobs and Developer Story on Meta Stack Overflow. I appreciate the trust you've placed in us over the years, and I'm grateful for the opportunity to have been a part of your job search or professional story. If you're currently looking for new opportunities or would like to explore alternative platforms for showcasing your skills, I'd be more than happy to assist you in any way I can. Please don't hesitate to contact me to discuss your options further."
2026-04-01 16:39:49,hiring issues in recruitment process,stackoverflow,https://stackoverflow.com/questions/67698176/error-loading-webview-error-could-not-register-service-workers-typeerror-fai,Error loading webview: Error: Could not register service wor,"Intent: Seeking Technical Support/Debugging Assistance
Reach-out: Dear Developer, I came across your snippet regarding the ""Error loading webview"" issue in VSCode and your suggested solution of closing and reopening the application. I'm reaching out as I'm interested in discussing further debugging strategies and potentially exploring collaboration opportunities with someone of your technical expertise. Would you be open to a conversation about your experience with VSCode and web development?"
2026-04-01 16:39:50,hiring issues in recruitment process,stackoverflow,https://stackoverflow.com/questions/44426538/postman-socket-hang-up,Postman : socket hang up - Stack Overflow,"Intent: Seeking Technical Assistance or Troubleshooting
Reach-out: I came across your query on Stack Overflow regarding the ""socket hang up"" issue in Postman. I'd be happy to help you troubleshoot or provide guidance on resolving this issue. Could you please share more details about your Postman collection and the environment you're running it in? I'm here to assist you in finding a solution to ensure your requests run smoothly."
2026-04-01 16:39:50,hiring issues in recruitment process,stackoverflow,https://stackoverflow.com/questions/55188544/how-to-workaround-error-tokenizing-data,"How to workaround ""error tokenizing data"" - Stack Overflow","Intent: Seeking Technical Assistance or Solution
Reach-out: Dear Developer, I came across your question on Stack Overflow regarding the ""error tokenizing data"" issue and noticed that you haven't found a satisfactory solution yet. I'd like to offer my expertise and explore potential workarounds together. If you're open to discussing this further, I'd be happy to set up a call to delve into the details and see if we can find a resolution that works for you."
2026-04-01 16:39:51,hiring issues in recruitment process,stackoverflow,https://stackoverflow.com/questions/7336802/how-to-avoid-circular-imports-in-python,How to avoid circular imports in Python? - Stack Overflow,"Intent: Seeking Technical Advice or Solution
Reach-out: Dear Developer, I came across your inquiry on Stack Overflow regarding circular imports in Python. As a technical headhunter, I'm always interested in connecting with skilled professionals like yourself who are passionate about solving complex programming issues. If you're open to exploring new opportunities or discussing innovative solutions, I'd love to start a conversation and see how I can assist you in your career or projects."
2026-04-01 16:39:52,hiring issues in recruitment process,stackoverflow,https://stackoverflow.com/questions/5970889/why-does-git-revert-complain-about-a-missing-m-option,Why does git revert complain about a missing -m option?,"Intent: Seeking Technical Assistance or Collaboration
Reach-out: Dear Developer, I came across your question about resolving the git revert issue with a missing -m option. I'd be happy to help you troubleshoot or provide guidance on version control best practices. If you're open to discussing further or exploring potential collaboration opportunities, I'd love to connect and see how I can assist you in your project."
2026-04-01 16:39:52,hiring issues in recruitment process,stackoverflow,https://stackoverflow.com/questions/365489/questions-every-good-net-developer-should-be-able-to-answer,Questions every good .NET developer should be able to answer,"Intent: Hiring .NET Developer
Reach-out: Dear Hiring Manager, I came across your inquiry about compiling a list of questions for .NET developer interviews, covering various platforms such as ASP.NET, Compact Framework, Windows Forms, and Web Services. I'd be happy to help you create a comprehensive catalog of questions to assess the skills of potential candidates. Please let me know if you'd like to discuss this further or need any assistance with the hiring process."
2026-04-01 16:39:53,hiring issues in recruitment process,stackoverflow,https://stackoverflow.com/questions/62336340/cannot-update-a-component-while-rendering-a-different-component-warning,javascript - Cannot update a component while rendering a dif,"Intent: Hiring Software Engineer (React Developer)
Reach-out: Dear Experienced React Developer, I came across your post regarding the ""Cannot update a component while rendering a different component"" warning in React. I understand that resolving such issues can be challenging. As a technical headhunter, I am currently looking for skilled React developers like yourself to fill open positions at innovative companies. If you're interested in exploring new opportunities or would like assistance in resolving the issue, I'd be more than happy to connect and discuss further. Please let me know if you're open to a conversation."
2026-04-01 16:39:54,hiring issues in recruitment process,stackoverflow,https://stackoverflow.com/questions/31211506/how-stuff-and-for-xml-path-work-in-sql-server,How Stuff and &#x27;For Xml Path&#x27; work in SQL Server? -,"Intent: Seeking Technical Clarification or Knowledge Sharing
Reach-out: I came across your discussion on Stack Overflow regarding 'How Stuff and 'For Xml Path' work in SQL Server' and was impressed by your engagement with the community. As someone with expertise in SQL Server, I'd love to connect and explore potential collaboration opportunities or simply discuss the latest developments in the field. Would you be open to a brief conversation to exchange ideas and experiences?"
2026-04-01 16:39:54,hiring issues in recruitment process,stackoverflow,https://stackoverflow.com/questions/8167610/how-do-i-attach-visual-studio-to-a-process-that-is-not-started-yet,How do I attach Visual Studio to a process that is not start,"Intent: Seeking Technical Guidance or Solution
Reach-out: Dear Developer, I came across your inquiry about attaching Visual Studio to a process that hasn't started yet, and I'm interested in exploring how I can assist you in finding the right technical expertise or solution for your specific needs. Would you be open to discussing your project further and potentially connecting you with skilled professionals who can provide the guidance you're looking for?"
2026-04-01 16:42:50,hiring issues in recruitment process,linkedin,https://www.linkedin.com/pulse/challenges-recruitment-modern-workplace-talha-naeem-r6nsf,Challenges of Recruitment in the Modern Workplace - LinkedIn,"Intent: Seeking Insights on Modern Recruitment Challenges
Reach-out: Dear Hiring Manager, I came across your post on the challenges of recruitment in the modern workplace and was impressed by the insightful discussion. As a technical headhunter, I'd love to explore ways to address these challenges and optimize your recruitment process. Would you be open to a brief call to discuss potential solutions and share best practices in talent acquisition?"
2026-04-01 16:42:50,hiring issues in recruitment process,linkedin,https://www.linkedin.com/pulse/why-hiring-consistency-real-challenge-scaling-saas-teams-birkedale-ccvze,Why Hiring Consistency Is the Real Challenge in Scaling SaaS,"Intent: Seeking Advice on Hiring Consistency for SaaS Teams
Reach-out: I came across your insightful article on the challenges of maintaining hiring consistency while scaling SaaS teams. As a technical headhunter, I'm eager to learn more about your expertise in this area. Would you be open to a discussion on how to optimize pipeline, process, and alignment to drive consistency in hiring, and perhaps explore ways to support your team's growth?"
2026-04-01 16:42:51,hiring issues in recruitment process,linkedin,https://www.linkedin.com/pulse/recruitment-paradox-why-more-cvs-mean-harder-hiring-f%C3%BCl%C3%B6p-mih%C3%A1ly-nzuoc,The Recruitment Paradox: Why More CVs Mean Harder Hiring,"Intent: Hiring Technical Talent
Reach-out: Dear Hiring Manager, I came across an interesting article highlighting the challenges of finding the right technical talent despite an increase in candidate applications. As a technical headhunter, I understand the paradox of having more CVs but struggling to find the perfect fit. I'd like to offer my expertise in sourcing and recruiting top technical talent to help streamline your hiring process and find the ideal candidate for your team. Would you be open to discussing how I can assist you in overcoming this recruitment challenge?"
2026-04-01 16:58:54,hiring issues in recruitment process,reddit,https://www.reddit.com/r/recruitinghell/comments/1d7a9jp/why_is_hiring_process_so_difficult_now/,Why is hiring process so difficult now? : r/recruitinghell -,"Intent: Seeking Insights on Hiring Process Improvement
Reach-out: Dear Hiring Professional, I came across your post on Reddit's r/recruitinghell and was intrigued by your perspective on the challenges of the hiring process. As someone who is passionate about optimizing recruitment strategies, I'd love to discuss your thoughts on how to improve the courting process and balance the evaluation of past performance with other essential factors. Would you be open to a conversation on this topic and potentially exploring ways to enhance your hiring approach?"
2026-04-01 16:58:55,hiring issues in recruitment process,reddit,https://www.reddit.com/r/recruitinghell/comments/1ch5puk/im_a_recruiter_and_i_know_why_the_recruiting/,I&#x27;m a recruiter and I know why the recruiting process i,"Intent: Seeking Insight into Recruitment Process
Reach-out: Dear Recruiter, I came across your post on Reddit and was intrigued by your perspective on the recruiting process. As someone with experience in the field, your insights are invaluable. I'd love to learn more about your thoughts on the current state of recruitment and how companies can improve their hiring strategies. Would you be open to a discussion on the challenges and opportunities in the recruitment industry?"
2026-04-01 16:58:55,hiring issues in recruitment process,reddit,https://www.reddit.com/r/recruitinghell/comments/1bwoeo5/hiring_issues/,Hiring issues : r/recruitinghell - Reddit,"Intent: Hiring Software Engineer
Reach-out: Dear Hiring Manager, I came across your post on Reddit regarding the challenges you're facing in hiring for an entry-level tech position. I'd be happy to help you explore potential solutions and provide guidance on attracting top junior talent. Would you be open to discussing your hiring process and how I can assist you in finding the right candidate?"
2026-04-01 16:58:56,hiring issues in recruitment process,reddit,https://www.reddit.com/r/recruiting/comments/15l0deb/recruiters_what_are_your_biggest_challenges_in/,"Recruiters, what are your biggest challenges in the hiring w","Intent: Seeking Insights on Recruiting Challenges
Reach-out: Dear Recruiting Professional, I came across your thoughts on the complexities of the hiring process and the human aspect that adds layers to it. I'd love to learn more about the challenges you face in your role and explore potential solutions that could streamline your workflow. Would you be open to a brief discussion on your experiences and how technology can support recruiters in navigating these intricacies?"
2026-04-01 16:58:56,hiring issues in recruitment process,reddit,https://www.reddit.com/r/recruitinghell/comments/gf01l3/do_you_guys_think_that_the_hiring_process_is/,Do you guys think that the hiring process is broken?,"Intent: Criticizing Current Hiring Process
Reach-out: Dear [Name], I came across your thoughts on the hiring process and couldn't help but agree that there's room for improvement. As a technical headhunter, I'm constantly looking for ways to streamline and enhance the recruitment experience. I'd love to discuss your concerns and explore potential solutions that could benefit both job seekers and employers. Would you be open to a conversation about revolutionizing the hiring process?"
2026-04-01 16:58:57,hiring issues in recruitment process,reddit,https://www.reddit.com/r/recruitinghell/comments/16m0hqk/the_hiring_process_has_become_super_long_and/,The Hiring Process Has Become Super Long and Unnecessarily .,"Intent: Seeking Improvement in Hiring Process/Complaining about Prolonged Hiring
Reach-out: I came across your post on Reddit regarding the prolonged hiring process, and I completely understand your frustration. As a technical headhunter, I've seen firsthand how lengthy interviews and complicated hiring procedures can deter top talent. I'd love to discuss potential solutions and explore ways to streamline the hiring process, making it more efficient for both candidates and employers. Would you be open to a conversation about your experiences and how we can work together to create a more effective hiring process?"
2026-04-01 16:58:58,hiring issues in recruitment process,reddit,https://www.reddit.com/r/recruitinghell/comments/18mvsiv/there_are_so_many_ongoing_glaring_issues_with_the/,There are so many ongoing glaring issues with the American h,"Intent: Seeking Insights on Hiring Process
Reach-out: I came across your thoughts on the American hiring process and was intrigued by your unique perspective as someone close to recruitment. I'd love to discuss your experiences and gain a deeper understanding of the current tech job market, particularly with regards to the over-saturation you mentioned. Would you be open to a brief conversation to explore ways to navigate these challenges and potentially identify opportunities for growth?"
2026-04-01 16:58:58,hiring issues in recruitment process,reddit,https://www.reddit.com/r/recruitinghell/comments/17gh37x/77_of_employers_report_difficulty_hiring/,77% of employers report difficulty hiring… : r/recruitinghel,"Intent: Seeking Improvement in Hiring Process
Reach-out: I came across your insightful comment on the challenges faced by hiring managers and recruiters on Reddit. As a technical headhunter, I understand the frustration of finding the right candidate. I'd love to discuss how we can work together to streamline your hiring process and find the best fit for your team. Would you be open to exploring ways to improve your recruitment strategy and find the ideal candidate, rather than searching for 'unicorns'?"
2026-04-01 16:58:59,hiring issues in recruitment process,reddit,https://www.reddit.com/r/recruitinghell/comments/v5erkf/something_is_seriously_wrong_with_how_companies/,Something is seriously wrong with how companies hire people ,"Intent: Criticizing Current Hiring Practices and Seeking Improvement
Reach-out: I came across your post on Reddit and was intrigued by your thoughts on the current state of hiring practices. As someone who is passionate about optimizing the recruitment process, I'd love to discuss your concerns and explore potential solutions that could benefit both job seekers and companies. Would you be open to a conversation about how we can work together to improve the hiring landscape?"
2026-04-01 16:59:00,hiring issues in recruitment process,reddit,https://www.reddit.com/r/recruitinghell/comments/17et4wv/63_of_recruiters_say_that_their_biggest_problem/,63% of recruiters say that their biggest problem is not bein,"Intent: Seeking Recruitment Process Improvement
Reach-out: Dear Hiring Manager, I came across your concerns regarding the recruitment process and the challenges you face with hiring freezes, pay rates, and hiring manager decisions. I'd like to discuss potential solutions to streamline your recruitment process and improve candidate selection. Would you be open to exploring ways to optimize your current approach and reduce the obstacles that hinder your hiring goals?"
